-- Script para carga masiva de datos en las tablas

-- Tabla: Clientes
INSERT INTO `Clientes` (`id_cliente`, `nombre`, `telefono`, `direccion`)
VALUES
(1, 'Pedro Díaz', '555-7585503', 'Calle Benito Juárez #356, Guadalajara'),
(2, 'Juan Fernández', '555-5618553', 'Calle Independencia #83, Tijuana'),
(3, 'Elena Pérez', '555-8543004', 'Calle Independencia #469, Monterrey'),
(4, 'Jorge Martínez', '555-9020170', 'Calle Independencia #36, Ciudad de México'),
(5, 'Pedro López', '555-3005068', 'Calle Hidalgo #739, Cancún'),
(6, 'Carlos García', '555-4344742', 'Calle Benito Juárez #918, Mérida'),
(7, 'Juan Hernández', '555-2684310', 'Calle Matamoros #255, León'),
(8, 'Pedro Hernández', '555-6067001', 'Calle Benito Juárez #703, Guadalajara'),
(9, 'Jorge Torres', '555-4858930', 'Calle Zaragoza #776, Ciudad de México'),
(10, 'Luis García', '555-8187017', 'Calle Independencia #428, Tijuana'),
(11, 'Pedro García', '555-9647974', 'Calle Independencia #365, Guadalajara'),
(12, 'María García', '555-5518789', 'Calle Hidalgo #144, Monterrey'),
(13, 'Juan López', '555-8037099', 'Calle Revolución #656, Ciudad de México'),
(14, 'Pedro Pérez', '555-5695608', 'Calle Matamoros #136, Tijuana'),
(15, 'Sofía Hernández', '555-8337747', 'Calle Revolución #592, Guadalajara'),
(16, 'Juan García', '555-7978615', 'Calle Zaragoza #441, León'),
(17, 'Ana Martínez', '555-3216288', 'Calle Zaragoza #134, León'),
(18, 'Juan Pérez', '555-8005017', 'Calle Revolución #849, León'),
(19, 'María López', '555-3524495', 'Calle Matamoros #447, Guadalajara'),
(20, 'Lucía Pérez', '555-7493988', 'Calle Zaragoza #666, León'),
(21, 'Juan Rodríguez', '555-8879203', 'Calle Zaragoza #138, Mérida'),
(22, 'Lucía Fernández', '555-8108163', 'Calle Matamoros #369, León'),
(23, 'Lucía Gómez', '555-6388995', 'Calle Morelos #781, Tijuana'),
(24, 'Ana Díaz', '555-3929409', 'Calle Morelos #589, Ciudad de México'),
(25, 'Ana Torres', '555-3833850', 'Calle Independencia #968, Monterrey'),
(26, 'Luis Gómez', '555-8355523', 'Calle Independencia #362, Guadalajara'),
(27, 'María Díaz', '555-4201704', 'Calle Guerrero #460, Ciudad de México'),
(28, 'Sofía Torres', '555-8394543', 'Calle Guerrero #800, Guadalajara'),
(29, 'Elena Fernández', '555-8175617', 'Calle Revolución #516, Tijuana'),
(30, 'María Rodríguez', '555-5687497', 'Calle Guerrero #874, Cancún'),
(31, 'Lucía Torres', '555-2220868', 'Calle Zaragoza #737, Ciudad de México'),
(32, 'María López', '555-1693487', 'Calle Independencia #948, Cancún'),
(33, 'Luis López', '555-8789768', 'Calle Independencia #587, Monterrey'),
(34, 'Juan Pérez', '555-9039923', 'Calle Matamoros #832, Ciudad de México'),
(35, 'Ana Gómez', '555-8977915', 'Calle Revolución #781, Cancún'),
(36, 'Luis García', '555-3977045', 'Calle Guerrero #465, Tijuana'),
(37, 'Sofía Díaz', '555-4709852', 'Calle Hidalgo #531, Mérida'),
(38, 'Jorge López', '555-8251772', 'Calle Morelos #764, Monterrey'),
(39, 'Jorge Hernández', '555-5531499', 'Calle Revolución #467, Ciudad de México'),
(40, 'Ana Pérez', '555-9624502', 'Calle Zaragoza #959, Mérida'),
(41, 'Juan García', '555-7611447', 'Calle Zaragoza #142, León'),
(42, 'María Hernández', '555-1578688', 'Calle Benito Juárez #140, León'),
(43, 'Elena García', '555-6669612', 'Calle Independencia #620, Puebla'),
(44, 'Lucía Gómez', '555-3025206', 'Calle Matamoros #62, León'),
(45, 'Luis Torres', '555-8066568', 'Calle Morelos #748, Guadalajara'),
(46, 'María Díaz', '555-5128267', 'Calle Revolución #594, Ciudad de México'),
(47, 'Ana Rodríguez', '555-5273631', 'Calle Revolución #909, Monterrey'),
(48, 'Jorge Rodríguez', '555-3576682', 'Calle Zaragoza #932, Puebla'),
(49, 'Luis López', '555-7046109', 'Calle Revolución #914, Tijuana'),
(50, 'Lucía García', '555-7656461', 'Calle Independencia #18, León'),
(51, 'Luis Fernández', '555-9171816', 'Calle Guerrero #617, Mérida'),
(52, 'Pedro Martínez', '555-7157045', 'Calle Guerrero #398, Cancún'),
(53, 'Pedro Gómez', '555-7344223', 'Calle Independencia #194, Mérida'),
(54, 'Juan Fernández', '555-5446948', 'Calle Revolución #408, Tijuana'),
(55, 'Luis Fernández', '555-4393085', 'Calle Hidalgo #751, Guadalajara'),
(56, 'Elena Hernández', '555-9409350', 'Calle Revolución #351, Ciudad de México'),
(57, 'Elena Gómez', '555-2894696', 'Calle Revolución #777, Ciudad de México'),
(58, 'Pedro Díaz', '555-2151475', 'Calle Revolución #5, Mérida'),
(59, 'Ana Martínez', '555-6632847', 'Calle Matamoros #985, León'),
(60, 'Luis Torres', '555-3999989', 'Calle Zaragoza #784, Puebla'),
(61, 'Lucía López', '555-8383069', 'Calle Matamoros #467, Puebla'),
(62, 'Sofía Torres', '555-4291549', 'Calle Zaragoza #555, Mérida'),
(63, 'Jorge Torres', '555-3782992', 'Calle Hidalgo #375, Puebla'),
(64, 'Carlos Díaz', '555-3412595', 'Calle Benito Juárez #192, Monterrey'),
(65, 'Luis Rodríguez', '555-7085493', 'Calle Morelos #654, Ciudad de México'),
(66, 'Carlos López', '555-9591722', 'Calle Zaragoza #582, Cancún'),
(67, 'Jorge Hernández', '555-1619387', 'Calle Independencia #222, Ciudad de México'),
(68, 'María García', '555-4072328', 'Calle Revolución #875, Monterrey'),
(69, 'Pedro García', '555-3635807', 'Calle Revolución #655, Mérida'),
(70, 'Juan Torres', '555-9703446', 'Calle Matamoros #563, Mérida'),
(71, 'María Martínez', '555-9287604', 'Calle Morelos #163, Guadalajara'),
(72, 'Juan Pérez', '555-5808551', 'Calle Morelos #113, Mérida'),
(73, 'Luis Gómez', '555-9102020', 'Calle Hidalgo #368, Tijuana'),
(74, 'Juan Gómez', '555-1742104', 'Calle Independencia #37, León'),
(75, 'Luis Díaz', '555-2220471', 'Calle Zaragoza #142, León'),
(76, 'Ana Pérez', '555-1533974', 'Calle Hidalgo #927, Mérida'),
(77, 'Elena Díaz', '555-2248467', 'Calle Matamoros #585, Tijuana'),
(78, 'Elena López', '555-1094657', 'Calle Zaragoza #990, León'),
(79, 'Ana Torres', '555-8489047', 'Calle Zaragoza #85, Guadalajara'),
(80, 'Ana Torres', '555-1426620', 'Calle Hidalgo #910, Puebla'),
(81, 'Ana Torres', '555-4843640', 'Calle Hidalgo #30, Tijuana'),
(82, 'Luis Gómez', '555-7445921', 'Calle Morelos #382, Puebla'),
(83, 'Juan Díaz', '555-6992575', 'Calle Morelos #453, León'),
(84, 'Juan Díaz', '555-7535309', 'Calle Morelos #914, Tijuana'),
(85, 'Carlos López', '555-7456946', 'Calle Zaragoza #196, Puebla'),
(86, 'Pedro Torres', '555-7926302', 'Calle Revolución #816, Cancún'),
(87, 'Pedro Martínez', '555-3617169', 'Calle Revolución #520, Guadalajara'),
(88, 'Lucía Gómez', '555-6995269', 'Calle Revolución #731, Puebla'),
(89, 'Pedro Díaz', '555-5553436', 'Calle Hidalgo #169, Tijuana'),
(90, 'Elena Díaz', '555-6250191', 'Calle Guerrero #164, León'),
(91, 'Carlos García', '555-6054175', 'Calle Matamoros #153, Tijuana'),
(92, 'Pedro Martínez', '555-1357612', 'Calle Benito Juárez #152, Guadalajara'),
(93, 'Elena Martínez', '555-7395483', 'Calle Benito Juárez #886, Ciudad de México'),
(94, 'Luis Fernández', '555-8935362', 'Calle Hidalgo #202, Ciudad de México'),
(95, 'María Díaz', '555-3534871', 'Calle Zaragoza #769, Monterrey'),
(96, 'Carlos Rodríguez', '555-8374999', 'Calle Matamoros #465, Cancún'),
(97, 'Ana Rodríguez', '555-4750036', 'Calle Independencia #489, Cancún'),
(98, 'Elena Torres', '555-3451270', 'Calle Morelos #29, Mérida'),
(99, 'Ana García', '555-3920613', 'Calle Matamoros #242, León'),
(100, 'Pedro Torres', '555-3666524', 'Calle Guerrero #219, Mérida'),
(101, 'María Gómez', '555-4429547', 'Calle Matamoros #86, Tijuana'),
(102, 'Luis García', '555-7811559', 'Calle Benito Juárez #215, Guadalajara'),
(103, 'Jorge Torres', '555-1188088', 'Calle Independencia #33, Ciudad de México'),
(104, 'Pedro Rodríguez', '555-8862053', 'Calle Guerrero #828, León'),
(105, 'Ana Fernández', '555-1782096', 'Calle Guerrero #279, Tijuana'),
(106, 'Elena García', '555-9011082', 'Calle Matamoros #86, Tijuana'),
(107, 'Carlos Fernández', '555-2666418', 'Calle Benito Juárez #320, Guadalajara'),
(108, 'Lucía Fernández', '555-9949167', 'Calle Guerrero #64, Monterrey'),
(109, 'Pedro López', '555-8756735', 'Calle Zaragoza #723, Tijuana'),
(110, 'Pedro Pérez', '555-6112914', 'Calle Guerrero #955, Ciudad de México'),
(111, 'Carlos Rodríguez', '555-6683577', 'Calle Benito Juárez #758, León'),
(112, 'María Hernández', '555-9611673', 'Calle Independencia #835, Mérida'),
(113, 'Ana Díaz', '555-5884089', 'Calle Zaragoza #917, Mérida'),
(114, 'Juan Pérez', '555-3920005', 'Calle Benito Juárez #92, Puebla'),
(115, 'Ana López', '555-6630323', 'Calle Revolución #113, Monterrey'),
(116, 'Lucía Díaz', '555-5388930', 'Calle Morelos #712, Monterrey'),
(117, 'María Díaz', '555-6442345', 'Calle Benito Juárez #202, Mérida'),
(118, 'Lucía Gómez', '555-2409507', 'Calle Benito Juárez #811, Puebla'),
(119, 'Pedro Pérez', '555-7391956', 'Calle Morelos #634, Cancún'),
(120, 'Jorge Gómez', '555-3437139', 'Calle Matamoros #674, Ciudad de México'),
(121, 'Lucía Pérez', '555-4158944', 'Calle Benito Juárez #553, Mérida'),
(122, 'Luis García', '555-1974152', 'Calle Zaragoza #318, Cancún'),
(123, 'Luis Fernández', '555-6548240', 'Calle Matamoros #625, Monterrey'),
(124, 'Juan Fernández', '555-2970950', 'Calle Guerrero #994, León'),
(125, 'Carlos Rodríguez', '555-3495793', 'Calle Guerrero #530, Puebla'),
(126, 'Luis Hernández', '555-7140736', 'Calle Benito Juárez #803, Ciudad de México'),
(127, 'Elena Rodríguez', '555-3627952', 'Calle Guerrero #166, Tijuana'),
(128, 'Ana Hernández', '555-8927030', 'Calle Hidalgo #91, Ciudad de México'),
(129, 'Sofía Díaz', '555-1355551', 'Calle Guerrero #642, Guadalajara'),
(130, 'Pedro García', '555-1795759', 'Calle Independencia #374, Guadalajara'),
(131, 'Carlos Gómez', '555-8676031', 'Calle Morelos #375, Puebla'),
(132, 'Juan Hernández', '555-5791017', 'Calle Morelos #275, León'),
(133, 'Lucía García', '555-4139648', 'Calle Independencia #397, Mérida'),
(134, 'Luis Díaz', '555-2848267', 'Calle Zaragoza #333, Ciudad de México'),
(135, 'Elena Rodríguez', '555-4268953', 'Calle Matamoros #172, Cancún'),
(136, 'María Rodríguez', '555-8413292', 'Calle Hidalgo #501, León'),
(137, 'Elena Rodríguez', '555-8134348', 'Calle Independencia #877, Mérida'),
(138, 'Juan Martínez', '555-2638203', 'Calle Matamoros #975, Monterrey'),
(139, 'Jorge Fernández', '555-1651541', 'Calle Zaragoza #821, Monterrey'),
(140, 'Sofía Martínez', '555-3654578', 'Calle Revolución #824, León'),
(141, 'Juan Rodríguez', '555-1544213', 'Calle Zaragoza #393, Mérida'),
(142, 'Pedro García', '555-1469468', 'Calle Zaragoza #619, Cancún'),
(143, 'Luis Martínez', '555-7742930', 'Calle Hidalgo #672, Ciudad de México'),
(144, 'Jorge Torres', '555-3633056', 'Calle Morelos #822, Monterrey'),
(145, 'Luis Díaz', '555-3063720', 'Calle Zaragoza #163, Puebla'),
(146, 'Elena Hernández', '555-5089622', 'Calle Matamoros #517, Tijuana'),
(147, 'Pedro Fernández', '555-1310341', 'Calle Hidalgo #851, Guadalajara'),
(148, 'María Torres', '555-7707441', 'Calle Zaragoza #717, Guadalajara'),
(149, 'Ana Díaz', '555-7448170', 'Calle Morelos #938, Mérida'),
(150, 'Ana Torres', '555-6850728', 'Calle Zaragoza #37, Monterrey'),
(151, 'Ana Martínez', '555-5245967', 'Calle Morelos #929, Ciudad de México'),
(152, 'María López', '555-7069648', 'Calle Matamoros #880, Mérida'),
(153, 'María Fernández', '555-5807294', 'Calle Benito Juárez #964, León'),
(154, 'Elena García', '555-2633754', 'Calle Benito Juárez #372, Ciudad de México'),
(155, 'Pedro Hernández', '555-3165026', 'Calle Matamoros #252, Guadalajara'),
(156, 'Sofía Rodríguez', '555-1229491', 'Calle Revolución #200, Puebla'),
(157, 'Lucía Hernández', '555-9059230', 'Calle Revolución #117, Monterrey'),
(158, 'Elena Hernández', '555-6039333', 'Calle Benito Juárez #592, León'),
(159, 'Jorge Torres', '555-2612328', 'Calle Zaragoza #37, Tijuana'),
(160, 'Juan López', '555-5199782', 'Calle Hidalgo #462, Ciudad de México'),
(161, 'María Torres', '555-5637025', 'Calle Benito Juárez #751, Mérida'),
(162, 'Luis Martínez', '555-7488072', 'Calle Matamoros #610, Tijuana'),
(163, 'María Fernández', '555-8847702', 'Calle Hidalgo #140, Guadalajara'),
(164, 'Carlos Hernández', '555-6745345', 'Calle Hidalgo #529, Tijuana'),
(165, 'Juan López', '555-3186133', 'Calle Independencia #981, Monterrey'),
(166, 'Ana Rodríguez', '555-7505772', 'Calle Independencia #169, Puebla'),
(167, 'Lucía Díaz', '555-1318994', 'Calle Matamoros #664, León'),
(168, 'Carlos Gómez', '555-5681675', 'Calle Matamoros #85, León'),
(169, 'Sofía Torres', '555-7601089', 'Calle Zaragoza #876, Tijuana'),
(170, 'Jorge López', '555-3344295', 'Calle Hidalgo #661, Monterrey'),
(171, 'Jorge Gómez', '555-9372582', 'Calle Hidalgo #373, Monterrey'),
(172, 'Juan Hernández', '555-6215578', 'Calle Revolución #588, Puebla'),
(173, 'Pedro Fernández', '555-8687007', 'Calle Guerrero #173, Guadalajara'),
(174, 'Ana Martínez', '555-5301228', 'Calle Zaragoza #841, Puebla'),
(175, 'Ana Torres', '555-5994297', 'Calle Hidalgo #552, Guadalajara'),
(176, 'Ana Díaz', '555-9538930', 'Calle Benito Juárez #709, Guadalajara'),
(177, 'Ana Torres', '555-5652141', 'Calle Guerrero #766, Mérida'),
(178, 'Ana Martínez', '555-8050486', 'Calle Matamoros #968, León'),
(179, 'Luis López', '555-4918108', 'Calle Morelos #617, Cancún'),
(180, 'Elena García', '555-7856414', 'Calle Independencia #850, Puebla'),
(181, 'Sofía Fernández', '555-3244662', 'Calle Independencia #921, León'),
(182, 'Ana Martínez', '555-2086078', 'Calle Hidalgo #267, Mérida'),
(183, 'Elena Gómez', '555-8028588', 'Calle Morelos #939, Puebla'),
(184, 'Lucía Fernández', '555-8632883', 'Calle Matamoros #571, Puebla'),
(185, 'Pedro Pérez', '555-3809595', 'Calle Guerrero #387, Ciudad de México'),
(186, 'Elena García', '555-2487882', 'Calle Guerrero #564, Monterrey'),
(187, 'Luis López', '555-9084248', 'Calle Zaragoza #9, Puebla'),
(188, 'Juan Gómez', '555-1513303', 'Calle Revolución #945, Mérida'),
(189, 'Jorge Fernández', '555-9006911', 'Calle Benito Juárez #571, León'),
(190, 'Lucía Martínez', '555-9916633', 'Calle Independencia #231, Puebla'),
(191, 'Sofía Torres', '555-9796991', 'Calle Revolución #114, Mérida'),
(192, 'Sofía Martínez', '555-2700577', 'Calle Guerrero #484, Guadalajara'),
(193, 'Pedro Pérez', '555-6837152', 'Calle Benito Juárez #951, Monterrey'),
(194, 'María Torres', '555-8915376', 'Calle Independencia #416, Tijuana'),
(195, 'Juan Gómez', '555-4718760', 'Calle Revolución #244, Monterrey'),
(196, 'Lucía Fernández', '555-4087501', 'Calle Revolución #822, León'),
(197, 'Lucía Martínez', '555-1163025', 'Calle Revolución #388, Ciudad de México'),
(198, 'Elena Díaz', '555-8081211', 'Calle Benito Juárez #309, Guadalajara'),
(199, 'María Rodríguez', '555-3751917', 'Calle Matamoros #847, Tijuana'),
(200, 'Pedro Hernández', '555-3548518', 'Calle Independencia #938, Cancún'),
(201, 'Luis Rodríguez', '555-1006502', 'Calle Hidalgo #772, Guadalajara'),
(202, 'Pedro Rodríguez', '555-3011462', 'Calle Revolución #629, Cancún'),
(203, 'Ana López', '555-4617035', 'Calle Guerrero #17, Tijuana'),
(204, 'Lucía Fernández', '555-4920923', 'Calle Guerrero #521, Mérida'),
(205, 'Pedro Fernández', '555-7172113', 'Calle Benito Juárez #323, Ciudad de México'),
(206, 'María García', '555-6567806', 'Calle Morelos #347, Ciudad de México'),
(207, 'Lucía Martínez', '555-1318266', 'Calle Guerrero #272, León'),
(208, 'Carlos Rodríguez', '555-3858666', 'Calle Revolución #690, Monterrey'),
(209, 'Jorge Gómez', '555-9652405', 'Calle Revolución #568, Guadalajara'),
(210, 'Sofía Díaz', '555-7172893', 'Calle Independencia #522, Puebla'),
(211, 'Ana García', '555-1648038', 'Calle Zaragoza #652, Cancún'),
(212, 'María Pérez', '555-1149247', 'Calle Morelos #395, Ciudad de México'),
(213, 'Sofía García', '555-5040206', 'Calle Benito Juárez #528, Ciudad de México'),
(214, 'Carlos Rodríguez', '555-1511880', 'Calle Independencia #26, Monterrey'),
(215, 'Pedro Hernández', '555-4654888', 'Calle Benito Juárez #734, Cancún'),
(216, 'Elena Fernández', '555-3139039', 'Calle Hidalgo #584, Cancún'),
(217, 'Luis Martínez', '555-3373539', 'Calle Revolución #538, Tijuana'),
(218, 'Luis Gómez', '555-2001313', 'Calle Guerrero #316, León'),
(219, 'Elena Fernández', '555-2757182', 'Calle Revolución #186, Cancún'),
(220, 'Elena García', '555-7881209', 'Calle Morelos #820, León'),
(221, 'Juan Martínez', '555-3136077', 'Calle Revolución #708, Ciudad de México'),
(222, 'Juan Hernández', '555-8424651', 'Calle Guerrero #935, Monterrey'),
(223, 'Carlos García', '555-8696003', 'Calle Hidalgo #302, Guadalajara'),
(224, 'Luis Hernández', '555-6623608', 'Calle Matamoros #589, Guadalajara'),
(225, 'Jorge Torres', '555-4516817', 'Calle Matamoros #621, Puebla'),
(226, 'Carlos Pérez', '555-1537937', 'Calle Morelos #102, Tijuana'),
(227, 'Carlos Hernández', '555-6115251', 'Calle Revolución #140, Mérida'),
(228, 'Juan Díaz', '555-1302556', 'Calle Independencia #733, Cancún'),
(229, 'Carlos Fernández', '555-3716698', 'Calle Hidalgo #9, Tijuana'),
(230, 'Sofía Martínez', '555-8198821', 'Calle Hidalgo #57, Monterrey'),
(231, 'María Fernández', '555-8103643', 'Calle Benito Juárez #327, León'),
(232, 'Carlos Díaz', '555-9638420', 'Calle Benito Juárez #102, León'),
(233, 'Carlos Gómez', '555-8035818', 'Calle Hidalgo #439, Monterrey'),
(234, 'Ana Torres', '555-6831686', 'Calle Benito Juárez #222, Puebla'),
(235, 'Jorge Martínez', '555-5705427', 'Calle Morelos #733, Guadalajara'),
(236, 'Pedro Pérez', '555-2261609', 'Calle Matamoros #22, Cancún'),
(237, 'Luis Torres', '555-9383036', 'Calle Matamoros #323, Puebla'),
(238, 'Elena López', '555-8133392', 'Calle Guerrero #482, Mérida'),
(239, 'Juan Rodríguez', '555-6971585', 'Calle Morelos #452, Tijuana'),
(240, 'Carlos Martínez', '555-9555540', 'Calle Independencia #354, Tijuana'),
(241, 'Sofía López', '555-5087881', 'Calle Morelos #669, Puebla'),
(242, 'Luis Pérez', '555-8110597', 'Calle Guerrero #128, Tijuana'),
(243, 'Carlos Torres', '555-1685123', 'Calle Hidalgo #214, Monterrey'),
(244, 'Carlos Martínez', '555-1416525', 'Calle Benito Juárez #669, León'),
(245, 'Jorge Martínez', '555-9156341', 'Calle Hidalgo #641, Cancún'),
(246, 'Sofía Gómez', '555-4197676', 'Calle Revolución #358, Cancún'),
(247, 'Lucía Pérez', '555-6478637', 'Calle Independencia #514, Monterrey'),
(248, 'Juan Hernández', '555-1552764', 'Calle Hidalgo #939, Guadalajara'),
(249, 'Juan García', '555-9350034', 'Calle Matamoros #876, Mérida'),
(250, 'Sofía Torres', '555-5525359', 'Calle Morelos #365, León'),
(251, 'Juan Gómez', '555-4401666', 'Calle Morelos #672, Monterrey'),
(252, 'Elena Pérez', '555-2502914', 'Calle Matamoros #122, Tijuana'),
(253, 'Juan Díaz', '555-2667285', 'Calle Hidalgo #289, Monterrey'),
(254, 'Pedro Torres', '555-4346113', 'Calle Independencia #277, Mérida'),
(255, 'Lucía García', '555-9044563', 'Calle Revolución #954, Tijuana'),
(256, 'Luis Hernández', '555-4926598', 'Calle Hidalgo #643, Guadalajara'),
(257, 'Sofía Fernández', '555-6222895', 'Calle Guerrero #370, Monterrey'),
(258, 'Juan Fernández', '555-2871533', 'Calle Guerrero #318, Puebla'),
(259, 'Carlos Fernández', '555-4663923', 'Calle Zaragoza #583, Ciudad de México'),
(260, 'Carlos Rodríguez', '555-7960445', 'Calle Morelos #977, Cancún'),
(261, 'María Rodríguez', '555-9949411', 'Calle Hidalgo #709, Ciudad de México'),
(262, 'Pedro Pérez', '555-3865170', 'Calle Zaragoza #811, Monterrey'),
(263, 'Luis Torres', '555-2234065', 'Calle Guerrero #254, Tijuana'),
(264, 'Elena Rodríguez', '555-3322643', 'Calle Guerrero #345, Puebla'),
(265, 'Carlos Hernández', '555-1980043', 'Calle Morelos #364, Ciudad de México'),
(266, 'Elena Hernández', '555-2427074', 'Calle Benito Juárez #88, Puebla'),
(267, 'Jorge Gómez', '555-7097409', 'Calle Benito Juárez #11, Mérida'),
(268, 'Jorge Torres', '555-5459803', 'Calle Guerrero #742, Puebla'),
(269, 'Ana García', '555-9240761', 'Calle Benito Juárez #439, León'),
(270, 'Jorge García', '555-9724055', 'Calle Benito Juárez #725, Tijuana'),
(271, 'Jorge Hernández', '555-5205428', 'Calle Independencia #960, Guadalajara'),
(272, 'Carlos Pérez', '555-6811657', 'Calle Independencia #654, León'),
(273, 'Ana Díaz', '555-4341277', 'Calle Revolución #196, Puebla'),
(274, 'Carlos Martínez', '555-4525483', 'Calle Matamoros #674, Monterrey'),
(275, 'Ana Díaz', '555-4050634', 'Calle Benito Juárez #163, Cancún'),
(276, 'Jorge Rodríguez', '555-1946421', 'Calle Revolución #519, Tijuana'),
(277, 'Lucía Fernández', '555-7005513', 'Calle Guerrero #994, Tijuana'),
(278, 'Ana Pérez', '555-4119958', 'Calle Zaragoza #35, Cancún'),
(279, 'Luis Torres', '555-3159214', 'Calle Zaragoza #92, Ciudad de México'),
(280, 'Jorge López', '555-7850738', 'Calle Guerrero #462, León'),
(281, 'Luis Fernández', '555-7495407', 'Calle Hidalgo #242, Tijuana'),
(282, 'Lucía Gómez', '555-2149991', 'Calle Matamoros #101, Monterrey'),
(283, 'Elena Rodríguez', '555-9139342', 'Calle Zaragoza #284, Tijuana'),
(284, 'Juan Pérez', '555-5883599', 'Calle Revolución #990, Ciudad de México'),
(285, 'Luis Martínez', '555-7588016', 'Calle Morelos #86, León'),
(286, 'Jorge Torres', '555-1499723', 'Calle Matamoros #486, Puebla'),
(287, 'Ana Rodríguez', '555-3113158', 'Calle Morelos #614, Ciudad de México'),
(288, 'Jorge Hernández', '555-8771026', 'Calle Benito Juárez #900, Puebla'),
(289, 'Carlos Rodríguez', '555-2124579', 'Calle Benito Juárez #483, Ciudad de México'),
(290, 'Juan Martínez', '555-8679726', 'Calle Matamoros #298, Cancún'),
(291, 'Pedro Pérez', '555-5136658', 'Calle Matamoros #141, León'),
(292, 'Sofía Gómez', '555-8091159', 'Calle Zaragoza #203, Monterrey'),
(293, 'María Martínez', '555-6562133', 'Calle Hidalgo #655, Tijuana'),
(294, 'Pedro Pérez', '555-8900490', 'Calle Hidalgo #256, Guadalajara'),
(295, 'Lucía Rodríguez', '555-3050299', 'Calle Zaragoza #80, León'),
(296, 'Carlos Martínez', '555-3145534', 'Calle Hidalgo #334, Mérida'),
(297, 'Sofía Gómez', '555-9913012', 'Calle Hidalgo #137, Ciudad de México'),
(298, 'Pedro Gómez', '555-2171056', 'Calle Guerrero #201, Mérida'),
(299, 'Juan Rodríguez', '555-3269396', 'Calle Benito Juárez #814, Mérida'),
(300, 'Juan Rodríguez', '555-2045746', 'Calle Independencia #61, Cancún'),
(301, 'Carlos Torres', '555-8239801', 'Calle Guerrero #29, Ciudad de México'),
(302, 'Pedro Fernández', '555-2299679', 'Calle Hidalgo #125, Monterrey'),
(303, 'Pedro Díaz', '555-4329638', 'Calle Hidalgo #55, Ciudad de México'),
(304, 'Pedro Hernández', '555-3880535', 'Calle Revolución #838, Ciudad de México'),
(305, 'Luis Torres', '555-5299448', 'Calle Matamoros #369, Mérida'),
(306, 'Pedro Pérez', '555-6235893', 'Calle Hidalgo #683, Mérida'),
(307, 'Pedro López', '555-8329383', 'Calle Zaragoza #347, Ciudad de México'),
(308, 'Pedro Rodríguez', '555-8093516', 'Calle Independencia #726, Ciudad de México'),
(309, 'Elena Díaz', '555-1747608', 'Calle Benito Juárez #610, Ciudad de México'),
(310, 'Luis López', '555-9435370', 'Calle Matamoros #686, León'),
(311, 'Jorge Díaz', '555-7371290', 'Calle Revolución #243, León'),
(312, 'Carlos García', '555-1680489', 'Calle Benito Juárez #133, Mérida'),
(313, 'Ana Díaz', '555-9537570', 'Calle Benito Juárez #577, Monterrey'),
(314, 'Carlos López', '555-6180076', 'Calle Matamoros #824, Monterrey'),
(315, 'Juan Gómez', '555-9712240', 'Calle Independencia #258, Guadalajara'),
(316, 'Luis Hernández', '555-3443792', 'Calle Benito Juárez #934, Cancún'),
(317, 'Elena Hernández', '555-3989210', 'Calle Zaragoza #263, Mérida'),
(318, 'Luis Martínez', '555-5676435', 'Calle Guerrero #727, Monterrey'),
(319, 'Pedro Torres', '555-5943598', 'Calle Matamoros #760, Tijuana'),
(320, 'Luis García', '555-4936447', 'Calle Matamoros #169, Tijuana'),
(321, 'Carlos Pérez', '555-9789307', 'Calle Zaragoza #408, Ciudad de México'),
(322, 'Lucía Pérez', '555-1797020', 'Calle Matamoros #534, Cancún'),
(323, 'Juan Martínez', '555-4367267', 'Calle Independencia #485, Puebla'),
(324, 'Luis García', '555-5491265', 'Calle Benito Juárez #229, Puebla'),
(325, 'Sofía Torres', '555-3362973', 'Calle Benito Juárez #249, Tijuana'),
(326, 'Juan López', '555-3377150', 'Calle Guerrero #292, Ciudad de México'),
(327, 'Jorge Díaz', '555-4107420', 'Calle Guerrero #790, Tijuana'),
(328, 'Carlos Torres', '555-8970137', 'Calle Zaragoza #988, Guadalajara'),
(329, 'Juan García', '555-9407840', 'Calle Revolución #600, Ciudad de México'),
(330, 'María Pérez', '555-2190334', 'Calle Matamoros #456, Puebla'),
(331, 'María García', '555-4299138', 'Calle Guerrero #817, Puebla'),
(332, 'Sofía Fernández', '555-8097813', 'Calle Independencia #549, Puebla'),
(333, 'Jorge Hernández', '555-5793017', 'Calle Zaragoza #375, Cancún'),
(334, 'Pedro Torres', '555-4646553', 'Calle Zaragoza #196, Guadalajara'),
(335, 'Ana Díaz', '555-7814849', 'Calle Independencia #627, Mérida'),
(336, 'Pedro Fernández', '555-7081251', 'Calle Hidalgo #897, Tijuana'),
(337, 'Sofía García', '555-8872535', 'Calle Morelos #440, Cancún'),
(338, 'Sofía Hernández', '555-7205731', 'Calle Matamoros #643, Cancún'),
(339, 'Luis Fernández', '555-3047172', 'Calle Benito Juárez #218, León'),
(340, 'Lucía Díaz', '555-2121969', 'Calle Morelos #797, Tijuana'),
(341, 'Juan Martínez', '555-1576304', 'Calle Morelos #396, Monterrey'),
(342, 'Sofía Martínez', '555-1767297', 'Calle Guerrero #421, Guadalajara'),
(343, 'Lucía García', '555-1995871', 'Calle Matamoros #227, Monterrey'),
(344, 'Jorge Hernández', '555-6830723', 'Calle Independencia #178, Cancún'),
(345, 'Elena García', '555-4390028', 'Calle Matamoros #71, Tijuana'),
(346, 'Juan Torres', '555-8702201', 'Calle Benito Juárez #343, Cancún'),
(347, 'Elena Martínez', '555-5913380', 'Calle Independencia #677, Mérida'),
(348, 'Lucía Díaz', '555-8124819', 'Calle Zaragoza #102, Guadalajara'),
(349, 'Lucía Fernández', '555-6264105', 'Calle Revolución #233, Puebla'),
(350, 'María García', '555-9994915', 'Calle Benito Juárez #295, Ciudad de México'),
(351, 'Ana López', '555-2789215', 'Calle Benito Juárez #377, Puebla'),
(352, 'Sofía Rodríguez', '555-4807687', 'Calle Revolución #865, Tijuana'),
(353, 'Sofía Fernández', '555-1599752', 'Calle Zaragoza #474, Puebla'),
(354, 'Jorge García', '555-8352057', 'Calle Zaragoza #651, León'),
(355, 'María López', '555-2965286', 'Calle Independencia #772, Ciudad de México'),
(356, 'Lucía García', '555-3697216', 'Calle Guerrero #76, Tijuana'),
(357, 'Sofía García', '555-6240563', 'Calle Revolución #186, Cancún'),
(358, 'Carlos García', '555-7287927', 'Calle Guerrero #346, Mérida'),
(359, 'Jorge Martínez', '555-1674570', 'Calle Zaragoza #549, Tijuana'),
(360, 'Lucía Torres', '555-6748217', 'Calle Revolución #233, Guadalajara'),
(361, 'Juan García', '555-6751350', 'Calle Hidalgo #273, León'),
(362, 'Ana Rodríguez', '555-7976210', 'Calle Morelos #49, Puebla'),
(363, 'Carlos Torres', '555-3031112', 'Calle Benito Juárez #801, León'),
(364, 'Pedro Díaz', '555-9763615', 'Calle Benito Juárez #346, Monterrey'),
(365, 'Sofía García', '555-8555674', 'Calle Revolución #41, Puebla'),
(366, 'Lucía García', '555-9274528', 'Calle Independencia #532, Guadalajara'),
(367, 'Luis Díaz', '555-7205690', 'Calle Guerrero #867, Tijuana'),
(368, 'Luis Torres', '555-1030332', 'Calle Morelos #759, León'),
(369, 'Pedro Torres', '555-5554298', 'Calle Benito Juárez #684, Puebla'),
(370, 'Ana Fernández', '555-5192440', 'Calle Independencia #396, Monterrey'),
(371, 'Juan Martínez', '555-5479782', 'Calle Matamoros #896, Cancún'),
(372, 'María Pérez', '555-8121711', 'Calle Revolución #127, Cancún'),
(373, 'Juan Pérez', '555-8327187', 'Calle Hidalgo #495, León'),
(374, 'Luis Hernández', '555-1501237', 'Calle Matamoros #856, Monterrey'),
(375, 'Luis Rodríguez', '555-9566106', 'Calle Guerrero #100, Guadalajara'),
(376, 'Ana Gómez', '555-3083983', 'Calle Morelos #484, Cancún'),
(377, 'María García', '555-4265198', 'Calle Zaragoza #533, Mérida'),
(378, 'Jorge Pérez', '555-6506364', 'Calle Revolución #123, Cancún'),
(379, 'Luis Fernández', '555-6877537', 'Calle Independencia #350, Tijuana'),
(380, 'Lucía García', '555-7214737', 'Calle Benito Juárez #625, Tijuana'),
(381, 'Lucía García', '555-2774844', 'Calle Revolución #887, Tijuana'),
(382, 'Luis García', '555-8832000', 'Calle Matamoros #996, Tijuana'),
(383, 'Sofía Martínez', '555-2835240', 'Calle Revolución #531, Puebla'),
(384, 'Elena Fernández', '555-5953696', 'Calle Independencia #234, Tijuana'),
(385, 'Luis Rodríguez', '555-5963066', 'Calle Morelos #698, León'),
(386, 'María Martínez', '555-2365303', 'Calle Revolución #951, Guadalajara'),
(387, 'Pedro Fernández', '555-3546349', 'Calle Matamoros #52, Mérida'),
(388, 'Luis Fernández', '555-8871690', 'Calle Zaragoza #554, Puebla'),
(389, 'Luis Rodríguez', '555-6234102', 'Calle Benito Juárez #719, Ciudad de México'),
(390, 'Jorge Díaz', '555-5594024', 'Calle Revolución #231, Guadalajara'),
(391, 'Ana Martínez', '555-6789379', 'Calle Revolución #479, Ciudad de México'),
(392, 'Lucía Martínez', '555-2236611', 'Calle Hidalgo #301, León'),
(393, 'Luis García', '555-1040734', 'Calle Benito Juárez #425, Monterrey'),
(394, 'María Torres', '555-9844288', 'Calle Independencia #810, Tijuana'),
(395, 'Elena López', '555-4615937', 'Calle Guerrero #447, Monterrey'),
(396, 'Carlos Hernández', '555-5088619', 'Calle Revolución #205, Guadalajara'),
(397, 'Juan Pérez', '555-2888168', 'Calle Revolución #458, Cancún'),
(398, 'Juan López', '555-2472940', 'Calle Guerrero #783, León'),
(399, 'Lucía García', '555-2066038', 'Calle Independencia #243, Mérida'),
(400, 'Luis Fernández', '555-7148713', 'Calle Benito Juárez #77, Monterrey'),
(401, 'Pedro Gómez', '555-6374746', 'Calle Revolución #120, Mérida'),
(402, 'Ana Díaz', '555-3591513', 'Calle Hidalgo #784, Puebla'),
(403, 'Ana Rodríguez', '555-9017476', 'Calle Morelos #225, León'),
(404, 'Sofía Rodríguez', '555-7636733', 'Calle Independencia #142, Ciudad de México'),
(405, 'Lucía Rodríguez', '555-7177337', 'Calle Matamoros #767, Monterrey'),
(406, 'Pedro Fernández', '555-3174315', 'Calle Matamoros #942, Monterrey'),
(407, 'Sofía Martínez', '555-1340417', 'Calle Zaragoza #860, Guadalajara'),
(408, 'Juan Martínez', '555-6863981', 'Calle Guerrero #746, Cancún'),
(409, 'María Hernández', '555-9456376', 'Calle Morelos #320, Guadalajara'),
(410, 'Carlos Gómez', '555-8125038', 'Calle Morelos #961, Guadalajara'),
(411, 'Pedro Hernández', '555-2670130', 'Calle Matamoros #220, Ciudad de México'),
(412, 'Elena Torres', '555-3451029', 'Calle Matamoros #559, Tijuana'),
(413, 'Ana Díaz', '555-1664838', 'Calle Hidalgo #401, Ciudad de México'),
(414, 'Sofía Gómez', '555-7641154', 'Calle Benito Juárez #122, Ciudad de México'),
(415, 'Luis Hernández', '555-4706735', 'Calle Matamoros #474, Cancún'),
(416, 'Juan Martínez', '555-8085525', 'Calle Revolución #1, Ciudad de México'),
(417, 'Lucía Fernández', '555-3788914', 'Calle Benito Juárez #433, Ciudad de México'),
(418, 'Sofía Rodríguez', '555-2817432', 'Calle Independencia #432, Ciudad de México'),
(419, 'Ana Torres', '555-5596330', 'Calle Zaragoza #152, Guadalajara'),
(420, 'Juan García', '555-9959016', 'Calle Zaragoza #854, Tijuana'),
(421, 'Ana Hernández', '555-9971733', 'Calle Benito Juárez #81, Cancún'),
(422, 'Ana López', '555-3587441', 'Calle Benito Juárez #200, Ciudad de México'),
(423, 'Elena Hernández', '555-5227438', 'Calle Morelos #558, Tijuana'),
(424, 'Carlos López', '555-3994608', 'Calle Revolución #651, Ciudad de México'),
(425, 'Luis Pérez', '555-4982165', 'Calle Benito Juárez #115, Tijuana'),
(426, 'Lucía Fernández', '555-4698977', 'Calle Revolución #91, Cancún'),
(427, 'María García', '555-1053390', 'Calle Guerrero #353, Tijuana'),
(428, 'Carlos García', '555-9963921', 'Calle Zaragoza #349, León'),
(429, 'María Pérez', '555-9489533', 'Calle Zaragoza #255, Puebla'),
(430, 'Juan Martínez', '555-1333221', 'Calle Revolución #716, Mérida'),
(431, 'Carlos Martínez', '555-9779595', 'Calle Independencia #576, Mérida'),
(432, 'Lucía López', '555-8748510', 'Calle Hidalgo #755, Monterrey'),
(433, 'Pedro Gómez', '555-9324406', 'Calle Hidalgo #602, Puebla'),
(434, 'María Gómez', '555-8267596', 'Calle Independencia #574, Mérida'),
(435, 'Jorge Torres', '555-6716265', 'Calle Zaragoza #461, Cancún'),
(436, 'Lucía García', '555-8792171', 'Calle Independencia #990, Cancún'),
(437, 'Ana Gómez', '555-1645941', 'Calle Revolución #831, Mérida'),
(438, 'Elena Díaz', '555-7462542', 'Calle Hidalgo #812, Guadalajara'),
(439, 'Ana Hernández', '555-9833941', 'Calle Benito Juárez #528, Puebla'),
(440, 'Ana Rodríguez', '555-6589799', 'Calle Benito Juárez #60, Puebla'),
(441, 'Sofía Díaz', '555-6937605', 'Calle Matamoros #209, Puebla'),
(442, 'Carlos Rodríguez', '555-9758701', 'Calle Benito Juárez #545, Puebla'),
(443, 'Elena Gómez', '555-8648504', 'Calle Independencia #129, Guadalajara'),
(444, 'Ana Fernández', '555-1807995', 'Calle Benito Juárez #328, León'),
(445, 'Juan Pérez', '555-6138458', 'Calle Hidalgo #181, Ciudad de México'),
(446, 'Pedro Torres', '555-1767353', 'Calle Matamoros #562, León'),
(447, 'Luis López', '555-8596853', 'Calle Zaragoza #798, Puebla'),
(448, 'Luis Pérez', '555-2299840', 'Calle Benito Juárez #217, Cancún'),
(449, 'Carlos Pérez', '555-9119030', 'Calle Zaragoza #930, Ciudad de México'),
(450, 'Sofía Gómez', '555-2082862', 'Calle Morelos #873, Guadalajara'),
(451, 'Lucía Martínez', '555-8572531', 'Calle Matamoros #226, Tijuana'),
(452, 'Juan Torres', '555-3276250', 'Calle Benito Juárez #511, Cancún'),
(453, 'Ana Gómez', '555-9665026', 'Calle Hidalgo #716, Cancún'),
(454, 'Juan Díaz', '555-9250028', 'Calle Zaragoza #219, Puebla'),
(455, 'Luis Gómez', '555-1574228', 'Calle Morelos #548, Tijuana'),
(456, 'Pedro Díaz', '555-5695112', 'Calle Independencia #865, León'),
(457, 'Juan Fernández', '555-1185914', 'Calle Guerrero #537, Mérida'),
(458, 'Juan Fernández', '555-6038129', 'Calle Revolución #92, Guadalajara'),
(459, 'María López', '555-9862838', 'Calle Independencia #232, Puebla'),
(460, 'Sofía Rodríguez', '555-3246420', 'Calle Zaragoza #38, Tijuana'),
(461, 'Carlos Torres', '555-2916996', 'Calle Zaragoza #318, Puebla'),
(462, 'Jorge Fernández', '555-5808124', 'Calle Zaragoza #168, Tijuana'),
(463, 'Pedro Díaz', '555-8989670', 'Calle Zaragoza #950, Mérida'),
(464, 'Jorge Díaz', '555-9320500', 'Calle Revolución #938, Guadalajara'),
(465, 'Carlos Torres', '555-8867200', 'Calle Guerrero #304, Tijuana'),
(466, 'Carlos López', '555-1490646', 'Calle Revolución #543, Tijuana'),
(467, 'Lucía Díaz', '555-6842848', 'Calle Benito Juárez #55, Ciudad de México'),
(468, 'Ana Martínez', '555-9092194', 'Calle Matamoros #205, Tijuana'),
(469, 'Carlos López', '555-1896078', 'Calle Benito Juárez #252, Cancún'),
(470, 'Elena Díaz', '555-5035252', 'Calle Hidalgo #468, Guadalajara'),
(471, 'Sofía Fernández', '555-2335887', 'Calle Benito Juárez #903, Ciudad de México'),
(472, 'Lucía Gómez', '555-2738801', 'Calle Guerrero #449, Tijuana'),
(473, 'Sofía Fernández', '555-5043043', 'Calle Matamoros #567, Guadalajara'),
(474, 'Luis Martínez', '555-1766222', 'Calle Morelos #477, Puebla'),
(475, 'Juan Díaz', '555-3091211', 'Calle Independencia #536, Guadalajara'),
(476, 'Carlos López', '555-1756918', 'Calle Morelos #65, Cancún'),
(477, 'Pedro Torres', '555-3443460', 'Calle Zaragoza #131, Mérida'),
(478, 'Pedro Gómez', '555-8500678', 'Calle Morelos #950, Guadalajara'),
(479, 'Jorge Fernández', '555-4115964', 'Calle Morelos #249, Guadalajara'),
(480, 'Pedro Fernández', '555-4648943', 'Calle Hidalgo #34, Monterrey'),
(481, 'Juan Hernández', '555-7447857', 'Calle Guerrero #631, Cancún'),
(482, 'Elena Díaz', '555-8771072', 'Calle Revolución #734, Puebla'),
(483, 'Juan Torres', '555-7746789', 'Calle Hidalgo #428, Guadalajara'),
(484, 'Lucía Rodríguez', '555-9606012', 'Calle Independencia #358, Ciudad de México'),
(485, 'María Díaz', '555-4806095', 'Calle Guerrero #508, Tijuana'),
(486, 'Ana Fernández', '555-3553337', 'Calle Independencia #939, Puebla'),
(487, 'Ana Díaz', '555-8298300', 'Calle Independencia #420, Monterrey'),
(488, 'Elena García', '555-6695045', 'Calle Benito Juárez #163, Guadalajara'),
(489, 'Sofía Martínez', '555-4992756', 'Calle Revolución #323, León'),
(490, 'Elena García', '555-9226190', 'Calle Morelos #725, León'),
(491, 'Sofía García', '555-4468901', 'Calle Guerrero #346, Puebla'),
(492, 'María Torres', '555-9136533', 'Calle Hidalgo #650, Guadalajara'),
(493, 'Carlos Torres', '555-9789960', 'Calle Hidalgo #384, Puebla'),
(494, 'Sofía Díaz', '555-7386268', 'Calle Zaragoza #553, Monterrey'),
(495, 'Elena Rodríguez', '555-8587217', 'Calle Benito Juárez #577, Guadalajara'),
(496, 'Sofía López', '555-2462264', 'Calle Morelos #381, Tijuana'),
(497, 'Jorge Torres', '555-7810467', 'Calle Hidalgo #719, Cancún'),
(498, 'Ana García', '555-4344910', 'Calle Morelos #720, Tijuana'),
(499, 'Elena Rodríguez', '555-8698901', 'Calle Hidalgo #468, León'),
(500, 'Elena Martínez', '555-7571344', 'Calle Morelos #91, Mérida'),
(501, 'Juan Pérez', '555-9876543', 'Calle Morelos #45, Monterrey'),
(502, 'Ana García', '555-4567890', 'Boulevard Insurgentes #789, Tijuana'),
(503, 'Carlos Ramírez', '555-2345678', 'Calle 5 de Mayo #234, Puebla'),
(504, 'Sofía Hernández', '555-8765432', 'Avenida Juárez #567, Guadalajara'),
(505, 'Luis Martínez', '555-3456789', 'Calle Hidalgo #89, León'),
(506, 'Laura González', '555-6543210', 'Avenida Independencia #12, Querétaro'),
(507, 'Diego Torres', '555-4321098', 'Calle Zaragoza #345, Mérida'),
(508, 'Elena Sánchez', '555-7890123', 'Boulevard Díaz Ordaz #678, Culiacán'),
(509, 'Javier Ruiz', '555-5678901', 'Calle Allende #90, Aguascalientes'),
(510, 'Patricia Morales', '555-3210987', 'Avenida Revolución #456, Chihuahua'),
(511, 'Ricardo Flores', '555-8901234', 'Calle Madero #123, Saltillo'),
(512, 'Claudia Vargas', '555-6789012', 'Boulevard Kukulcán #789, Cancún'),
(513, 'Andrés Castillo', '555-2109876', 'Calle Guerrero #234, Hermosillo'),
(514, 'Verónica Ortiz', '555-5432109', 'Avenida López Mateos #567, Zapopan'),
(515, 'Fernando Gómez', '555-9012345', 'Calle Victoria #89, Torreón'),
(516, 'Isabel Mendoza', '555-7896543', 'Avenida Constituyentes #12, Toluca'),
(517, 'Miguel Ángel Díaz', '555-4561230', 'Calle Pino Suárez #345, Veracruz'),
(518, 'Gabriela Rojas', '555-1230987', 'Boulevard Adolfo López #678, Oaxaca'),
(519, 'Héctor Silva', '555-6547890', 'Calle Reforma #90, San Luis Potosí'),
(520, 'Carmen Navarro', '555-3214567', 'Avenida Universidad #456, Morelia'),
(521, 'Eduardo Chávez', '555-9871234', 'Calle 16 de Septiembre #123, Pachuca'),
(522, 'Alicia Medina', '555-6540123', 'Boulevard Campestre #789, Celaya'),
(523, 'Roberto Luna', '555-2103456', 'Calle Niños Héroes #234, Durango'),
(524, 'Mónica Paredes', '555-5436789', 'Avenida Vallarta #567, Zapopan'),
(525, 'José Luis Vega', '555-9018765', 'Calle Matamoros #89, Tuxtla Gutiérrez'),
(526, 'Teresa Cruz', '555-7895432', 'Avenida 20 de Noviembre #12, Xalapa'),
(527, 'Óscar Romero', '555-4562109', 'Calle Ocampo #345, Tampico'),
(528, 'Daniela Espinoza', '555-1236547', 'Boulevard Miguel Hidalgo #678, Reynosa'),
(529, 'Alejandro Barrera', '555-6549870', 'Calle Juárez #90, Mazatlán'),
(530, 'Liliana Rivas', '555-3217890', 'Avenida Insurgentes #456, Mexicali'),
(531, 'Sergio Méndez', '555-9874561', 'Calle Degollado #123, Irapuato'),
(532, 'Paola Salazar', '555-6543219', 'Boulevard Aeropuerto #789, Ciudad Juárez'),
(533, 'Raúl Domínguez', '555-2109870', 'Calle Aldama #234, Ensenada'),
(534, 'Valeria Núñez', '555-5432108', 'Avenida Cuauhtémoc #567, Acapulco'),
(535, 'Marco Antonio Peña', '555-9012348', 'Calle Galeana #89, Coatzacoalcos'),
(536, 'Adriana Figueroa', '555-7896540', 'Avenida Lázaro Cárdenas #12, Villahermosa'),
(537, 'Gustavo Herrera', '555-4561239', 'Calle Bravo #345, Matamoros'),
(538, 'Lorena Campos', '555-1230986', 'Boulevard Belisario Domínguez #678, Chetumal'),
(539, 'Iván Soto', '555-6547891', 'Calle Rayón #90, Ciudad Victoria'),
(540, 'Rebeca Aguilar', '555-3214568', 'Avenida Madero #456, La Paz'),
(541, 'Enrique Villanueva', '555-9871235', 'Calle Lerdo #123, Tepic'),
(542, 'Sandra Peralta', '555-6540124', 'Boulevard Francisco Villa #789, Ciudad Obregón'),
(543, 'Arturo Cervantes', '555-2103457', 'Calle Independencia #234, Los Mochis'),
(544, 'Beatriz Zúñiga', '555-5436780', 'Avenida México #567, Nogales'),
(545, 'Felipe Acosta', '555-9018764', 'Calle 5 de Febrero #89, San Miguel de Allende'),
(546, 'Julia Estrada', '555-7895431', 'Avenida Benito Juárez #12, Playa del Carmen'),
(547, 'Tomás Rivera', '555-4562108', 'Calle Colón #345, Puerto Vallarta'),
(548, 'Cecilia Bravo', '555-1236548', 'Boulevard Las Américas #678, Campeche'),
(549, 'Ignacio Morales', '555-6549871', 'Calle Abasolo #90, Tlaxcala'),
(550, 'Rosa María Tapia', '555-3217891', 'Avenida Revolución #456, Colima'),
(551, 'Alfredo Solís', '555-9874562', 'Calle Guerrero #123, Guaymas'),
(552, 'Marisol Castañeda', '555-6543218', 'Boulevard Constitución #789, San Juan del Río'),
(553, 'Víctor Hugo Lara', '555-2109871', 'Calle Morelos #234, Cuernavaca'),
(554, 'Natalia Ponce', '555-5432107', 'Avenida Hidalgo #567, Tehuacán'),
(555, 'Salvador Rangel', '555-9012347', 'Calle Reforma #89, Uruapan'),
(556, 'Dulce María Gil', '555-7896541', 'Avenida López Portillo #12, Tlalnepantla'),
(557, 'Armando Quiroz', '555-4561238', 'Calle 20 de Noviembre #345, Ciudad Nezahualcóyotl'),
(558, 'Esther León', '555-1230985', 'Boulevard Manuel Ávila Camacho #678, Naucalpan'),
(559, 'Gilberto Orozco', '555-6547892', 'Calle Juárez #90, Ecatepec'),
(560, 'Lourdes Valdez', '555-3214569', 'Avenida Universidad #456, Chimalhuacán'),
(561, 'Julio César Báez', '555-9871236', 'Calle 16 de Septiembre #123, Atizapán'),
(562, 'Fabiola Trejo', '555-6540125', 'Boulevard Adolfo Ruiz Cortines #789, Tultitlán'),
(563, 'René Pantoja', '555-2103458', 'Calle Niños Héroes #234, Coacalco'),
(564, 'Yolanda Rosales', '555-5436781', 'Avenida Vallarta #567, Huixquilucan'),
(565, 'Mauricio Delgado', '555-9018763', 'Calle Matamoros #89, Ixtapaluca'),
(566, 'Karla Guzmán', '555-7895430', 'Avenida 20 de Noviembre #12, Chalco'),
(567, 'Emilio Vargas', '555-4562107', 'Calle Ocampo #345, Texcoco'),
(568, 'Sara Contreras', '555-1236549', 'Boulevard Miguel Hidalgo #678, Valle de Chalco'),
(569, 'Horacio Lira', '555-6549872', 'Calle Reforma #90, Los Reyes La Paz'),
(570, 'Nadia Bermúdez', '555-3217892', 'Avenida Insurgentes #456, Nezahualcóyotl'),
(571, 'Leonel Salazar', '555-9874563', 'Calle Degollado #123, Tlalnepantla'),
(572, 'Miriam Olvera', '555-6543217', 'Boulevard Aeropuerto #789, Ecatepec'),
(573, 'Rodolfo Tejeda', '555-2109872', 'Calle Aldama #234, Naucalpan'),
(574, 'Ximena Roldán', '555-5432106', 'Avenida Cuauhtémoc #567, Chimalhuacán'),
(575, 'Cristian Monroy', '555-9012346', 'Calle Galeana #89, Atizapán'),
(576, 'Bárbara Esquivel', '555-7896542', 'Avenida Lázaro Cárdenas #12, Tultitlán'),
(577, 'Efraín Calderón', '555-4561237', 'Calle Bravo #345, Coacalco'),
(578, 'Susana Hurtado', '555-1230984', 'Boulevard Belisario Domínguez #678, Huixquilucan'),
(579, 'Alfonso Mejía', '555-6547893', 'Calle Rayón #90, Ixtapaluca'),
(580, 'Erika Santana', '555-3214560', 'Avenida Madero #456, Chalco'),
(581, 'Mateo Segura', '555-9871237', 'Calle Lerdo #123, Texcoco'),
(582, 'Luz Elena Ríos', '555-6540126', 'Boulevard Francisco Villa #789, Valle de Chalco'),
(583, 'Orlando Carmona', '555-2103459', 'Calle Independencia #234, Los Reyes La Paz'),
(584, 'Guadalupe Tovar', '555-5436782', 'Avenida México #567, Nezahualcóyotl'),
(585, 'Fidel Armenta', '555-9018762', 'Calle 5 de Febrero #89, Tlalnepantla'),
(586, 'Perla Zavala', '555-7895439', 'Avenida Benito Juárez #12, Ecatepec'),
(587, 'Ramiro Palacios', '555-4562106', 'Calle Colón #345, Naucalpan'),
(588, 'Araceli Montero', '555-1236540', 'Boulevard Las Américas #678, Chimalhuacán'),
(589, 'Noé Uribe', '555-6549873', 'Calle Abasolo #90, Atizapán'),
(590, 'Dalia Franco', '555-3217893', 'Avenida Revolución #456, Tultitlán'),
(591, 'Simón Beltrán', '555-9874564', 'Calle Guerrero #123, Coacalco'),
(592, 'Graciela Hoyos', '555-6543216', 'Boulevard Constitución #789, Huixquilucan'),
(593, 'Ulises Vallejo', '555-2109873', 'Calle Morelos #234, Ixtapaluca'),
(594, 'Marlene Arellano', '555-5432105', 'Avenida Hidalgo #567, Chalco'),
(595, 'Abelardo Cuevas', '555-9012349', 'Calle Reforma #89, Texcoco'),
(596, 'Tania Avendaño', '555-7896543', 'Avenida López Portillo #12, Valle de Chalco'),
(597, 'César Galván', '555-4561236', 'Calle 20 de Noviembre #345, Los Reyes La Paz'),
(598, 'Blanca Estela Pino', '555-1230983', 'Boulevard Manuel Ávila Camacho #678, Nezahualcóyotl'),
(599, 'Ernesto Saavedra', '555-6547894', 'Calle Juárez #90, Tlalnepantla'),
(600, 'Maricela Ocampo', '555-3214561', 'Avenida Universidad #456, Ecatepec'),
(601, 'Ángel Nava', '555-9871238', 'Calle 16 de Septiembre #123, Naucalpan'),
(602, 'Leticia Cuevas', '555-6540127', 'Boulevard Adolfo Ruiz Cortines #789, Chimalhuacán'),
(603, 'Benjamín Osorio', '555-2103450', 'Calle Niños Héroes #234, Atizapán'),
(604, 'Mireya Larios', '555-5436783', 'Avenida Vallarta #567, Tultitlán'),
(605, 'Sebastián Bravo', '555-9018761', 'Calle Matamoros #89, Coacalco'),
(606, 'Elvira Sosa', '555-7895438', 'Avenida 20 de Noviembre #12, Huixquilucan'),
(607, 'Germán Tello', '555-4562105', 'Calle Ocampo #345, Ixtapaluca'),
(608, 'Judith Mondragón', '555-1236541', 'Boulevard Miguel Hidalgo #678, Chalco'),
(609, 'Rogelio Amador', '555-6549874', 'Calle Reforma #90, Texcoco'),
(610, 'Lucía Venegas', '555-3217894', 'Avenida Insurgentes #456, Valle de Chalco'),
(611, 'Federico Lara', '555-9874565', 'Calle Degollado #123, Los Reyes La Paz'),
(612, 'Zaira Mena', '555-6543215', 'Boulevard Aeropuerto #789, Nezahualcóyotl'),
(613, 'Humberto Galindo', '555-2109874', 'Calle Aldama #234, Tlalnepantla'),
(614, 'Selene Olmos', '555-5432104', 'Avenida Cuauhtémoc #567, Ecatepec'),
(615, 'Joel Cisneros', '555-9012340', 'Calle Galeana #89, Naucalpan'),
(616, 'Reina Puga', '555-7896544', 'Avenida Lázaro Cárdenas #12, Chimalhuacán'),
(617, 'Damián Roque', '555-4561235', 'Calle Bravo #345, Atizapán'),
(618, 'Violeta Durán', '555-1230982', 'Boulevard Belisario Domínguez #678, Tultitlán'),
(619, 'Teodoro Becerra', '555-6547895', 'Calle Rayón #90, Coacalco'),
(620, 'Anabel Salas', '555-3214562', 'Avenida Madero #456, Huixquilucan'),
(621, 'Leonardo Godínez', '555-9871239', 'Calle Lerdo #123, Ixtapaluca'),
(622, 'Estela Jaramillo', '555-6540128', 'Boulevard Francisco Villa #789, Chalco'),
(623, 'Saúl Enríquez', '555-2103451', 'Calle Independencia #234, Texcoco'),
(624, 'Clara Isabel Vela', '555-5436784', 'Avenida México #567, Valle de Chalco'),
(625, 'Ezequiel Reyna', '555-9018760', 'Calle 5 de Febrero #89, Los Reyes La Paz'),
(626, 'Diana Laura Orta', '555-7895437', 'Avenida Benito Juárez #12, Nezahualcóyotl'),
(627, 'Isaac Monzón', '555-4562104', 'Calle Colón #345, Tlalnepantla'),
(628, 'Mayra Pineda', '555-1236542', 'Boulevard Las Américas #678, Ecatepec'),
(629, 'Osvaldo Nájera', '555-6549875', 'Calle Abasolo #90, Naucalpan'),
(630, 'Lilia Tinoco', '555-3217895', 'Avenida Revolución #456, Chimalhuacán'),
(631, 'Eugenio Bravo', '555-9874566', 'Calle Guerrero #123, Atizapán'),
(632, 'Nora Elena Patiño', '555-6543214', 'Boulevard Constitución #789, Tultitlán'),
(633, 'Jerónimo Ulloa', '555-2109875', 'Calle Morelos #234, Coacalco'),
(634, 'Carolina Hinojosa', '555-5432103', 'Avenida Hidalgo #567, Huixquilucan'),
(635, 'Marcelo Razo', '555-9012341', 'Calle Reforma #89, Ixtapaluca'),
(636, 'Aída Mejía', '555-7896545', 'Avenida López Portillo #12, Chalco'),
(637, 'Bernardo Solano', '555-4561234', 'Calle 20 de Noviembre #345, Texcoco'),
(638, 'Viridiana Tello', '555-1230981', 'Boulevard Manuel Ávila Camacho #678, Valle de Chalco'),
(639, 'Elías Bermúdez', '555-6547896', 'Calle Juárez #90, Los Reyes La Paz'),
(640, 'María José Lira', '555-3214563', 'Avenida Universidad #456, Nezahualcóyotl'),
(641, 'Timoteo Rangel', '555-9871230', 'Calle 16 de Septiembre #123, Tlalnepantla'),
(642, 'Griselda Orozco', '555-6540129', 'Boulevard Adolfo Ruiz Cortines #789, Ecatepec'),
(643, 'Amador Salas', '555-2103452', 'Calle Niños Héroes #234, Naucalpan'),
(644, 'Lizbeth Cuevas', '555-5436785', 'Avenida Vallarta #567, Chimalhuacán'),
(645, 'Florencio Orta', '555-9018759', 'Calle Matamoros #89, Atizapán'),
(646, 'Yesenia Godínez', '555-7895436', 'Avenida 20 de Noviembre #12, Tultitlán'),
(647, 'Joaquín Puga', '555-4562103', 'Calle Ocampo #345, Coacalco'),
(648, 'María Fernanda Roque', '555-1236543', 'Boulevard Miguel Hidalgo #678, Huixquilucan'),
(649, 'Valentín Monroy', '555-6549876', 'Calle Reforma #90, Ixtapaluca'),
(650, 'Samanta Durán', '555-3217896', 'Avenida Insurgentes #456, Chalco'),
(651, 'Ramiro Becerra', '555-9874567', 'Calle Degollado #123, Texcoco'),
(652, 'Dora Salas', '555-6543213', 'Boulevard Aeropuerto #789, Valle de Chalco'),
(653, 'Silvestre Lara', '555-2109876', 'Calle Aldama #234, Los Reyes La Paz'),
(654, 'María Guadalupe Orta', '555-5432102', 'Avenida Cuauhtémoc #567, Nezahualcóyotl'),
(655, 'Adán Monzón', '555-9012342', 'Calle Galeana #89, Tlalnepantla'),
(656, 'Cynthia Pineda', '555-7896546', 'Avenida Lázaro Cárdenas #12, Ecatepec'),
(657, 'Efrén Nájera', '555-4561233', 'Calle Bravo #345, Naucalpan'),
(658, 'María Teresa Tinoco', '555-1230980', 'Boulevard Belisario Domínguez #678, Chimalhuacán'),
(659, 'Lázaro Bravo', '555-6547897', 'Calle Rayón #90, Atizapán'),
(660, 'Nallely Patiño', '555-3214564', 'Avenida Madero #456, Tultitlán'),
(661, 'Porfirio Ulloa', '555-9871231', 'Calle Lerdo #123, Coacalco'),
(662, 'María Elena Hinojosa', '555-6540120', 'Boulevard Francisco Villa #789, Huixquilucan'),
(663, 'Amado Solano', '555-2103453', 'Calle Independencia #234, Ixtapaluca'),
(664, 'María del Carmen Tello', '555-5436786', 'Avenida México #567, Chalco'),
(665, 'Anselmo Bermúdez', '555-9018758', 'Calle 5 de Febrero #89, Texcoco'),
(666, 'María de Jesús Lira', '555-7895435', 'Avenida Benito Juárez #12, Valle de Chalco'),
(667, 'Eusebio Rangel', '555-4562102', 'Calle Colón #345, Los Reyes La Paz'),
(668, 'María Isabel Orozco', '555-1236544', 'Boulevard Las Américas #678, Nezahualcóyotl'),
(669, 'Uriel Salas', '555-6549878', 'Calle Abasolo #90, Tlalnepantla'),
(670, 'María Luisa Cuevas', '555-3217897', 'Avenida Revolución #456, Ecatepec'),
(671, 'Bernabé Orta', '555-9874568', 'Calle Guerrero #123, Naucalpan'),
(672, 'María del Rosario Godínez', '555-6543212', 'Boulevard Constitución #789, Chimalhuacán'),
(673, 'Cándido Puga', '555-2109877', 'Calle Morelos #234, Atizapán'),
(674, 'María de los Ángeles Roque', '555-5432101', 'Avenida Hidalgo #567, Tultitlán'),
(675, 'Dionisio Monroy', '555-9012343', 'Calle Reforma #89, Coacalco'),
(676, 'María del Pilar Durán', '555-7896547', 'Avenida López Portillo #12, Huixquilucan'),
(677, 'Epifanio Becerra', '555-4561232', 'Calle 20 de Noviembre #345, Ixtapaluca'),
(678, 'María de la Luz Salas', '555-1230979', 'Boulevard Manuel Ávila Camacho #678, Chalco'),
(679, 'Félix Lara', '555-6547898', 'Calle Juárez #90, Texcoco'),
(680, 'María del Socorro Orta', '555-3214565', 'Avenida Universidad #456, Valle de Chalco'),
(681, 'Gaudencio Monzón', '555-9871232', 'Calle 16 de Septiembre #123, Los Reyes La Paz'),
(682, 'María de la Paz Pineda', '555-6540121', 'Boulevard Adolfo Ruiz Cortines #789, Nezahualcóyotl'),
(683, 'Hilario Nájera', '555-2103454', 'Calle Niños Héroes #234, Tlalnepantla'),
(684, 'María del Refugio Tinoco', '555-5436787', 'Avenida Vallarta #567, Ecatepec'),
(685, 'Isidro Bravo', '555-9018757', 'Calle Matamoros #89, Naucalpan'),
(686, 'María de Lourdes Patiño', '555-7895434', 'Avenida 20 de Noviembre #12, Chimalhuacán'),
(687, 'Julián Ulloa', '555-4562101', 'Calle Ocampo #345, Atizapán'),
(688, 'María de Fátima Hinojosa', '555-1236545', 'Boulevard Miguel Hidalgo #678, Tultitlán'),
(689, 'Leandro Solano', '555-6549879', 'Calle Reforma #90, Coacalco'),
(690, 'María de Guadalupe Tello', '555-3217898', 'Avenida Insurgentes #456, Huixquilucan'),
(691, 'Melchor Bermúdez', '555-9874569', 'Calle Degollado #123, Ixtapaluca'),
(692, 'María de los Dolores Lira', '555-6543211', 'Boulevard Aeropuerto #789, Chalco'),
(693, 'Nicanor Rangel', '555-2109878', 'Calle Aldama #234, Texcoco'),
(694, 'María del Rosario Orozco', '555-5432100', 'Avenida Cuauhtémoc #567, Valle de Chalco'),
(695, 'Otilio Salas', '555-9012344', 'Calle Galeana #89, Los Reyes La Paz'),
(696, 'María de la Soledad Cuevas', '555-7896548', 'Avenida Lázaro Cárdenas #12, Nezahualcóyotl'),
(697, 'Pánfilo Orta', '555-4561231', 'Calle Bravo #345, Tlalnepantla'),
(698, 'María del Carmen Godínez', '555-1230978', 'Boulevard Belisario Domínguez #678, Ecatepec'),
(699, 'Quirino Puga', '555-6547899', 'Calle Rayón #90, Naucalpan'),
(700, 'María de Jesús Roque', '555-3214566', 'Avenida Madero #456, Chimalhuacán'),
(701, 'Ruperto Monroy', '555-9871233', 'Calle Lerdo #123, Atizapán'),
(702, 'María de la Luz Durán', '555-6540122', 'Boulevard Francisco Villa #789, Tultitlán'),
(703, 'Santiago Becerra', '555-2103455', 'Calle Independencia #234, Coacalco'),
(704, 'María del Socorro Salas', '555-5436788', 'Avenida México #567, Huixquilucan'),
(705, 'Teófilo Lara', '555-9018756', 'Calle 5 de Febrero #89, Ixtapaluca'),
(706, 'María del Refugio Orta', '555-7895433', 'Avenida Benito Juárez #12, Chalco'),
(707, 'Ubaldo Monzón', '555-4562100', 'Calle Colón #345, Texcoco'),
(708, 'María de Lourdes Pineda', '555-1236546', 'Boulevard Las Américas #678, Valle de Chalco'),
(709, 'Valerio Nájera', '555-6549870', 'Calle Abasolo #90, Los Reyes La Paz'),
(710, 'María de Fátima Tinoco', '555-3217899', 'Avenida Revolución #456, Nezahualcóyotl'),
(711, 'Wenceslao Bravo', '555-9874570', 'Calle Guerrero #123, Tlalnepantla'),
(712, 'María de Guadalupe Patiño', '555-6543210', 'Boulevard Constitución #789, Ecatepec'),
(713, 'Xavier Ulloa', '555-2109879', 'Calle Morelos #234, Naucalpan'),
(714, 'María de los Dolores Hinojosa', '555-5432109', 'Avenida Hidalgo #567, Chimalhuacán'),
(715, 'Ysidro Solano', '555-9012345', 'Calle Reforma #89, Atizapán'),
(716, 'María del Rosario Tello', '555-7896549', 'Avenida López Portillo #12, Tultitlán'),
(717, 'Zacarias Bermúdez', '555-4561230', 'Calle 20 de Noviembre #345, Coacalco'),
(718, 'María de la Paz Lira', '555-1230977', 'Boulevard Manuel Ávila Camacho #678, Huixquilucan'),
(719, 'Abel Rangel', '555-6547890', 'Calle Juárez #90, Ixtapaluca'),
(720, 'María del Carmen Orozco', '555-3214567', 'Avenida Universidad #456, Chalco'),
(721, 'Baltazar Salas', '555-9871234', 'Calle 16 de Septiembre #123, Texcoco'),
(722, 'María de Jesús Cuevas', '555-6540123', 'Boulevard Adolfo Ruiz Cortines #789, Valle de Chalco'),
(723, 'Clemente Orta', '555-2103456', 'Calle Niños Héroes #234, Los Reyes La Paz'),
(724, 'María de la Luz Godínez', '555-5436789', 'Avenida Vallarta #567, Nezahualcóyotl'),
(725, 'Dámaso Puga', '555-9018755', 'Calle Matamoros #89, Tlalnepantla'),
(726, 'María del Socorro Roque', '555-7895432', 'Avenida 20 de Noviembre #12, Ecatepec'),
(727, 'Efrain Monroy', '555-4562109', 'Calle Ocampo #345, Naucalpan'),
(728, 'María del Refugio Durán', '555-1236547', 'Boulevard Miguel Hidalgo #678, Chimalhuacán'),
(729, 'Fausto Becerra', '555-6549871', 'Calle Reforma #90, Atizapán'),
(730, 'María de Lourdes Salas', '555-3217890', 'Avenida Insurgentes #456, Tultitlán'),
(731, 'Genaro Lara', '555-9874571', 'Calle Degollado #123, Coacalco'),
(732, 'María de Fátima Orta', '555-6543219', 'Boulevard Aeropuerto #789, Huixquilucan'),
(733, 'Herminio Monzón', '555-2109870', 'Calle Aldama #234, Ixtapaluca'),
(734, 'María de Guadalupe Pineda', '555-5432108', 'Avenida Cuauhtémoc #567, Chalco'),
(735, 'Ismael Nájera', '555-9012346', 'Calle Galeana #89, Texcoco'),
(736, 'María de los Dolores Tinoco', '555-7896540', 'Avenida Lázaro Cárdenas #12, Valle de Chalco'),
(737, 'Jacinto Bravo', '555-4561239', 'Calle Bravo #345, Los Reyes La Paz'),
(738, 'María del Rosario Patiño', '555-1230986', 'Boulevard Belisario Domínguez #678, Nezahualcóyotl'),
(739, 'Kaleb Ulloa', '555-6547892', 'Calle Rayón #90, Tlalnepantla'),
(740, 'María de la Paz Hinojosa', '555-3214568', 'Avenida Madero #456, Ecatepec'),
(741, 'Lino Solano', '555-9871235', 'Calle Lerdo #123, Naucalpan'),
(742, 'María del Carmen Tello', '555-6540124', 'Boulevard Francisco Villa #789, Chimalhuacán'),
(743, 'Mauro Bermúdez', '555-2103457', 'Calle Independencia #234, Atizapán'),
(744, 'María de Jesús Lira', '555-5436780', 'Avenida México #567, Tultitlán'),
(745, 'Néstor Rangel', '555-9018754', 'Calle 5 de Febrero #89, Coacalco'),
(746, 'María de la Luz Orozco', '555-7895431', 'Avenida Benito Juárez #12, Huixquilucan'),
(747, 'Omar Salas', '555-4562108', 'Calle Colón #345, Ixtapaluca'),
(748, 'María del Socorro Cuevas', '555-1236548', 'Boulevard Las Américas #678, Chalco'),
(749, 'Pablo Orta', '555-6549873', 'Calle Abasolo #90, Texcoco'),
(750, 'María del Refugio Godínez', '555-3217891', 'Avenida Revolución #456, Valle de Chalco'),
(751, 'Quinto Puga', '555-9874572', 'Calle Guerrero #123, Los Reyes La Paz'),
(752, 'María de Lourdes Roque', '555-6543218', 'Boulevard Constitución #789, Nezahualcóyotl'),
(753, 'Ramiro Monroy', '555-2109871', 'Calle Morelos #234, Tlalnepantla'),
(754, 'María de Fátima Durán', '555-5432107', 'Avenida Hidalgo #567, Ecatepec'),
(755, 'Santos Becerra', '555-9012347', 'Calle Reforma #89, Naucalpan'),
(756, 'María de Guadalupe Salas', '555-7896541', 'Avenida López Portillo #12, Chimalhuacán'),
(757, 'Tadeo Lara', '555-4561238', 'Calle 20 de Noviembre #345, Atizapán'),
(758, 'María de los Dolores Orta', '555-1230985', 'Boulevard Manuel Ávila Camacho #678, Tultitlán'),
(759, 'Uriel Monzón', '555-6547893', 'Calle Juárez #90, Coacalco'),
(760, 'María del Rosario Pineda', '555-3214569', 'Avenida Universidad #456, Huixquilucan'),
(761, 'Valentín Nájera', '555-9871236', 'Calle 16 de Septiembre #123, Ixtapaluca'),
(762, 'María de la Paz Tinoco', '555-6540125', 'Boulevard Adolfo Ruiz Cortines #789, Chalco'),
(763, 'Wilfrido Bravo', '555-2103458', 'Calle Niños Héroes #234, Texcoco'),
(764, 'María del Carmen Patiño', '555-5436781', 'Avenida Vallarta #567, Valle de Chalco'),
(765, 'Xavier Ulloa', '555-9018753', 'Calle Matamoros #89, Los Reyes La Paz'),
(766, 'María de Jesús Hinojosa', '555-7895430', 'Avenida 20 de Noviembre #12, Nezahualcóyotl'),
(767, 'Yair Solano', '555-4562107', 'Calle Ocampo #345, Tlalnepantla'),
(768, 'María de la Luz Tello', '555-1236549', 'Boulevard Miguel Hidalgo #678, Ecatepec'),
(769, 'Zacarías Bermúdez', '555-6549874', 'Calle Reforma #90, Naucalpan'),
(770, 'María del Socorro Lira', '555-3217892', 'Avenida Insurgentes #456, Chimalhuacán'),
(771, 'Abel Rangel', '555-9874573', 'Calle Degollado #123, Atizapán'),
(772, 'María del Refugio Orozco', '555-6543217', 'Boulevard Aeropuerto #789, Tultitlán'),
(773, 'Baltazar Salas', '555-2109872', 'Calle Aldama #234, Coacalco'),
(774, 'María de Lourdes Cuevas', '555-5432106', 'Avenida Cuauhtémoc #567, Huixquilucan'),
(775, 'Clemente Orta', '555-9012348', 'Calle Galeana #89, Ixtapaluca'),
(776, 'María de Fátima Godínez', '555-7896542', 'Avenida Lázaro Cárdenas #12, Chalco'),
(777, 'Dámaso Puga', '555-4561237', 'Calle Bravo #345, Texcoco'),
(778, 'María de Guadalupe Roque', '555-1230984', 'Boulevard Belisario Domínguez #678, Valle de Chalco'),
(779, 'Efraín Monroy', '555-6547894', 'Calle Rayón #90, Los Reyes La Paz'),
(780, 'María de los Dolores Durán', '555-3214560', 'Avenida Madero #456, Nezahualcóyotl'),
(781, 'Fausto Becerra', '555-9871237', 'Calle Lerdo #123, Tlalnepantla'),
(782, 'María del Rosario Salas', '555-6540126', 'Boulevard Francisco Villa #789, Ecatepec'),
(783, 'Genaro Lara', '555-2103459', 'Calle Independencia #234, Naucalpan'),
(784, 'María de la Paz Orta', '555-5436782', 'Avenida México #567, Chimalhuacán'),
(785, 'Herminio Monzón', '555-9018752', 'Calle 5 de Febrero #89, Atizapán'),
(786, 'María del Carmen Pineda', '555-7895439', 'Avenida Benito Juárez #12, Tultitlán'),
(787, 'Ismael Nájera', '555-4562106', 'Calle Colón #345, Coacalco'),
(788, 'María de Jesús Tinoco', '555-1236540', 'Boulevard Las Américas #678, Huixquilucan'),
(789, 'Jacinto Bravo', '555-6549875', 'Calle Abasolo #90, Ixtapaluca'),
(790, 'María de la Luz Patiño', '555-3217893', 'Avenida Revolución #456, Chalco'),
(791, 'Kaleb Ulloa', '555-9874574', 'Calle Guerrero #123, Texcoco'),
(792, 'María del Socorro Hinojosa', '555-6543216', 'Boulevard Constitución #789, Valle de Chalco'),
(793, 'Lino Solano', '555-2109873', 'Calle Morelos #234, Los Reyes La Paz'),
(794, 'María del Refugio Tello', '555-5432105', 'Avenida Hidalgo #567, Nezahualcóyotl'),
(795, 'Mauro Bermúdez', '555-9012349', 'Calle Reforma #89, Tlalnepantla'),
(796, 'María de Lourdes Lira', '555-7896543', 'Avenida López Portillo #12, Ecatepec'),
(797, 'Néstor Rangel', '555-4561236', 'Calle 20 de Noviembre #345, Naucalpan'),
(798, 'María de Fátima Orozco', '555-1230983', 'Boulevard Manuel Ávila Camacho #678, Chimalhuacán'),
(799, 'Omar Salas', '555-6547895', 'Calle Juárez #90, Atizapán'),
(800, 'María de Guadalupe Cuevas', '555-3214561', 'Avenida Universidad #456, Tultitlán'),
(801, 'Pablo Orta', '555-9871238', 'Calle 16 de Septiembre #123, Coacalco'),
(802, 'María de los Dolores Godínez', '555-6540127', 'Boulevard Adolfo Ruiz Cortines #789, Huixquilucan'),
(803, 'Quinto Puga', '555-2103450', 'Calle Niños Héroes #234, Ixtapaluca'),
(804, 'María del Rosario Roque', '555-5436783', 'Avenida Vallarta #567, Chalco'),
(805, 'Ramiro Monroy', '555-9018751', 'Calle Matamoros #89, Texcoco'),
(806, 'María de la Paz Durán', '555-7895438', 'Avenida 20 de Noviembre #12, Valle de Chalco'),
(807, 'Santos Becerra', '555-4562105', 'Calle Ocampo #345, Los Reyes La Paz'),
(808, 'María del Carmen Salas', '555-1236541', 'Boulevard Miguel Hidalgo #678, Nezahualcóyotl'),
(809, 'Tadeo Lara', '555-6549876', 'Calle Reforma #90, Tlalnepantla'),
(810, 'María de Jesús Orta', '555-3217894', 'Avenida Insurgentes #456, Ecatepec'),
(811, 'Uriel Monzón', '555-9874575', 'Calle Degollado #123, Naucalpan'),
(812, 'María de la Luz Pineda', '555-6543215', 'Boulevard Aeropuerto #789, Chimalhuacán'),
(813, 'Valentín Nájera', '555-2109874', 'Calle Aldama #234, Atizapán'),
(814, 'María del Socorro Tinoco', '555-5432104', 'Avenida Cuauhtémoc #567, Tultitlán'),
(815, 'Wilfrido Bravo', '555-9012340', 'Calle Galeana #89, Coacalco'),
(816, 'María del Refugio Patiño', '555-7896544', 'Avenida Lázaro Cárdenas #12, Huixquilucan'),
(817, 'Xavier Ulloa', '555-4561235', 'Calle Bravo #345, Ixtapaluca'),
(818, 'María de Lourdes Hinojosa', '555-1230982', 'Boulevard Belisario Domínguez #678, Chalco'),
(819, 'Yair Solano', '555-6547896', 'Calle Rayón #90, Texcoco'),
(820, 'María de Fátima Tello', '555-3214562', 'Avenida Madero #456, Valle de Chalco'),
(821, 'Zacarías Bermúdez', '555-9871239', 'Calle Lerdo #123, Los Reyes La Paz'),
(822, 'María de Guadalupe Lira', '555-6540128', 'Boulevard Francisco Villa #789, Nezahualcóyotl'),
(823, 'Abel Rangel', '555-2103451', 'Calle Independencia #234, Tlalnepantla'),
(824, 'María de los Dolores Orozco', '555-5436784', 'Avenida México #567, Ecatepec'),
(825, 'Baltazar Salas', '555-9018750', 'Calle 5 de Febrero #89, Naucalpan'),
(826, 'María del Rosario Cuevas', '555-7895437', 'Avenida Benito Juárez #12, Chimalhuacán'),
(827, 'Clemente Orta', '555-4562104', 'Calle Colón #345, Atizapán'),
(828, 'María de la Paz Godínez', '555-1236542', 'Boulevard Las Américas #678, Tultitlán'),
(829, 'Dámaso Puga', '555-6549877', 'Calle Abasolo #90, Coacalco'),
(830, 'María del Carmen Roque', '555-3217895', 'Avenida Revolución #456, Huixquilucan'),
(831, 'Efraín Monroy', '555-9874576', 'Calle Guerrero #123, Ixtapaluca'),
(832, 'María de Jesús Durán', '555-6543214', 'Boulevard Constitución #789, Chalco'),
(833, 'Fausto Becerra', '555-2109875', 'Calle Morelos #234, Texcoco'),
(834, 'María de la Luz Salas', '555-5432103', 'Avenida Hidalgo #567, Valle de Chalco'),
(835, 'Genaro Lara', '555-9012341', 'Calle Reforma #89, Los Reyes La Paz'),
(836, 'María del Socorro Orta', '555-7896545', 'Avenida López Portillo #12, Nezahualcóyotl'),
(837, 'Herminio Monzón', '555-4561234', 'Calle 20 de Noviembre #345, Tlalnepantla'),
(838, 'María del Refugio Pineda', '555-1230981', 'Boulevard Manuel Ávila Camacho #678, Ecatepec'),
(839, 'Ismael Nájera', '555-6547897', 'Calle Juárez #90, Naucalpan'),
(840, 'María de Lourdes Tinoco', '555-3214563', 'Avenida Universidad #456, Chimalhuacán'),
(841, 'Jacinto Bravo', '555-9871230', 'Calle 16 de Septiembre #123, Atizapán'),
(842, 'María de Fátima Patiño', '555-6540129', 'Boulevard Adolfo Ruiz Cortines #789, Tultitlán'),
(843, 'Kaleb Ulloa', '555-2103452', 'Calle Niños Héroes #234, Coacalco'),
(844, 'María de Guadalupe Hinojosa', '555-5436785', 'Avenida Vallarta #567, Huixquilucan'),
(845, 'Lino Solano', '555-9018749', 'Calle Matamoros #89, Ixtapaluca'),
(846, 'María de los Dolores Tello', '555-7895436', 'Avenida 20 de Noviembre #12, Chalco'),
(847, 'Mauro Bermúdez', '555-4562103', 'Calle Ocampo #345, Texcoco'),
(848, 'María del Rosario Lira', '555-1236543', 'Boulevard Miguel Hidalgo #678, Valle de Chalco'),
(849, 'Néstor Rangel', '555-6549878', 'Calle Reforma #90, Los Reyes La Paz'),
(850, 'María de la Paz Orozco', '555-3217896', 'Avenida Insurgentes #456, Nezahualcóyotl'),
(851, 'Omar Salas', '555-9874577', 'Calle Degollado #123, Tlalnepantla'),
(852, 'María del Carmen Cuevas', '555-6543213', 'Boulevard Aeropuerto #789, Ecatepec'),
(853, 'Pablo Orta', '555-2109876', 'Calle Aldama #234, Naucalpan'),
(854, 'María de Jesús Godínez', '555-5432102', 'Avenida Cuauhtémoc #567, Chimalhuacán'),
(855, 'Quinto Puga', '555-9012342', 'Calle Galeana #89, Atizapán'),
(856, 'María de la Luz Roque', '555-7896546', 'Avenida Lázaro Cárdenas #12, Tultitlán'),
(857, 'Ramiro Monroy', '555-4561233', 'Calle Bravo #345, Coacalco'),
(858, 'María del Socorro Durán', '555-1230980', 'Boulevard Belisario Domínguez #678, Huixquilucan'),
(859, 'Santos Becerra', '555-6547898', 'Calle Rayón #90, Ixtapaluca'),
(860, 'María del Refugio Salas', '555-3214564', 'Avenida Madero #456, Chalco'),
(861, 'Tadeo Lara', '555-9871231', 'Calle Lerdo #123, Texcoco'),
(862, 'María de Lourdes Orta', '555-6540120', 'Boulevard Francisco Villa #789, Valle de Chalco'),
(863, 'Uriel Monzón', '555-2103453', 'Calle Independencia #234, Los Reyes La Paz'),
(864, 'María de Fátima Pineda', '555-5436786', 'Avenida México #567, Nezahualcóyotl'),
(865, 'Valentín Nájera', '555-9018748', 'Calle 5 de Febrero #89, Tlalnepantla'),
(866, 'María de Guadalupe Tinoco', '555-7895435', 'Avenida Benito Juárez #12, Ecatepec'),
(867, 'Wilfrido Bravo', '555-4562102', 'Calle Colón #345, Naucalpan'),
(868, 'María de los Dolores Patiño', '555-1236544', 'Boulevard Las Américas #678, Chimalhuacán'),
(869, 'Xavier Ulloa', '555-6549879', 'Calle Abasolo #90, Atizapán'),
(870, 'María del Rosario Hinojosa', '555-3217897', 'Avenida Revolución #456, Tultitlán'),
(871, 'Yair Solano', '555-9874578', 'Calle Guerrero #123, Coacalco'),
(872, 'María de la Paz Tello', '555-6543212', 'Boulevard Constitución #789, Huixquilucan'),
(873, 'Zacarías Bermúdez', '555-2109877', 'Calle Morelos #234, Ixtapaluca'),
(874, 'María del Carmen Lira', '555-5432101', 'Avenida Hidalgo #567, Chalco'),
(875, 'Abel Rangel', '555-9012343', 'Calle Reforma #89, Texcoco'),
(876, 'María de Jesús Orozco', '555-7896547', 'Avenida López Portillo #12, Valle de Chalco'),
(877, 'Baltazar Salas', '555-4561232', 'Calle 20 de Noviembre #345, Los Reyes La Paz'),
(878, 'María de la Luz Cuevas', '555-1230979', 'Boulevard Manuel Ávila Camacho #678, Nezahualcóyotl'),
(879, 'Clemente Orta', '555-6547899', 'Calle Juárez #90, Tlalnepantla'),
(880, 'María del Socorro Godínez', '555-3214565', 'Avenida Universidad #456, Ecatepec'),
(881, 'Dámaso Puga', '555-9871232', 'Calle 16 de Septiembre #123, Naucalpan'),
(882, 'María del Refugio Roque', '555-6540121', 'Boulevard Adolfo Ruiz Cortines #789, Chimalhuacán'),
(883, 'Efraín Monroy', '555-2103454', 'Calle Niños Héroes #234, Atizapán'),
(884, 'María de Lourdes Durán', '555-5436787', 'Avenida Vallarta #567, Tultitlán'),
(885, 'Fausto Becerra', '555-9018747', 'Calle Matamoros #89, Coacalco'),
(886, 'María de Fátima Salas', '555-7895434', 'Avenida 20 de Noviembre #12, Huixquilucan'),
(887, 'Genaro Lara', '555-4562101', 'Calle Ocampo #345, Ixtapaluca'),
(888, 'María de Guadalupe Orta', '555-1236545', 'Boulevard Miguel Hidalgo #678, Chalco'),
(889, 'Herminio Monzón', '555-6549870', 'Calle Reforma #90, Texcoco'),
(890, 'María de los Dolores Pineda', '555-3217898', 'Avenida Insurgentes #456, Valle de Chalco'),
(891, 'Ismael Nájera', '555-9874579', 'Calle Degollado #123, Los Reyes La Paz'),
(892, 'María del Rosario Tinoco', '555-6543211', 'Boulevard Aeropuerto #789, Nezahualcóyotl'),
(893, 'Jacinto Bravo', '555-2109878', 'Calle Aldama #234, Tlalnepantla'),
(894, 'María de la Paz Patiño', '555-5432100', 'Avenida Cuauhtémoc #567, Ecatepec'),
(895, 'Kaleb Ulloa', '555-9012344', 'Calle Galeana #89, Naucalpan'),
(896, 'María del Carmen Hinojosa', '555-7896548', 'Avenida Lázaro Cárdenas #12, Chimalhuacán'),
(897, 'Lino Solano', '555-4561231', 'Calle Bravo #345, Atizapán'),
(898, 'María de Jesús Tello', '555-1230986', 'Boulevard Belisario Domínguez #678, Tultitlán'),
(899, 'Mauro Bermúdez', '555-6547891', 'Calle Rayón #90, Coacalco'),
(900, 'María de la Luz Lira', '555-3214566', 'Avenida Madero #456, Huixquilucan'),
(901, 'Néstor Rangel', '555-9871233', 'Calle Lerdo #123, Ixtapaluca'),
(902, 'María del Socorro Orozco', '555-6540122', 'Boulevard Francisco Villa #789, Chalco'),
(903, 'Omar Salas', '555-2103455', 'Calle Independencia #234, Texcoco'),
(904, 'María del Refugio Cuevas', '555-5436788', 'Avenida México #567, Valle de Chalco'),
(905, 'Pablo Orta', '555-9018746', 'Calle 5 de Febrero #89, Los Reyes La Paz'),
(906, 'María de Lourdes Godínez', '555-7895433', 'Avenida Benito Juárez #12, Nezahualcóyotl'),
(907, 'Quinto Puga', '555-4562100', 'Calle Colón #345, Tlalnepantla'),
(908, 'María de Fátima Roque', '555-1236546', 'Boulevard Las Américas #678, Ecatepec'),
(909, 'Ramiro Monroy', '555-6549872', 'Calle Abasolo #90, Naucalpan'),
(910, 'María de Guadalupe Durán', '555-3217899', 'Avenida Revolución #456, Chimalhuacán'),
(911, 'Santos Becerra', '555-9874580', 'Calle Guerrero #123, Atizapán'),
(912, 'María de los Dolores Salas', '555-6543210', 'Boulevard Constitución #789, Tultitlán'),
(913, 'Tadeo Lara', '555-2109879', 'Calle Morelos #234, Coacalco'),
(914, 'María del Rosario Orta', '555-5432109', 'Avenida Hidalgo #567, Huixquilucan'),
(915, 'Uriel Monzón', '555-9012345', 'Calle Reforma #89, Ixtapaluca'),
(916, 'María de la Paz Pineda', '555-7896549', 'Avenida López Portillo #12, Chalco'),
(917, 'Valentín Nájera', '555-4561230', 'Calle 20 de Noviembre #345, Texcoco'),
(918, 'María del Carmen Tinoco', '555-1230987', 'Boulevard Manuel Ávila Camacho #678, Valle de Chalco'),
(919, 'Wilfrido Bravo', '555-6547892', 'Calle Juárez #90, Los Reyes La Paz'),
(920, 'María de Jesús Patiño', '555-3214567', 'Avenida Universidad #456, Nezahualcóyotl'),
(921, 'Xavier Ulloa', '555-9871234', 'Calle 16 de Septiembre #123, Tlalnepantla'),
(922, 'María de la Luz Hinojosa', '555-6540123', 'Boulevard Adolfo Ruiz Cortines #789, Ecatepec'),
(923, 'Yair Solano', '555-2103456', 'Calle Niños Héroes #234, Naucalpan'),
(924, 'María del Socorro Tello', '555-5436789', 'Avenida Vallarta #567, Chimalhuacán'),
(925, 'Zacarías Bermúdez', '555-9018745', 'Calle Matamoros #89, Atizapán'),
(926, 'María del Refugio Lira', '555-7895432', 'Avenida 20 de Noviembre #12, Tultitlán'),
(927, 'Abel Rangel', '555-4562109', 'Calle Ocampo #345, Coacalco'),
(928, 'María de Lourdes Orozco', '555-1236547', 'Boulevard Miguel Hidalgo #678, Huixquilucan'),
(929, 'Baltazar Salas', '555-6549873', 'Calle Reforma #90, Ixtapaluca'),
(930, 'María de Fátima Cuevas', '555-3217890', 'Avenida Insurgentes #456, Chalco'),
(931, 'Clemente Orta', '555-9874581', 'Calle Degollado #123, Texcoco'),
(932, 'María de Guadalupe Godínez', '555-6543219', 'Boulevard Aeropuerto #789, Valle de Chalco'),
(933, 'Dámaso Puga', '555-2109870', 'Calle Aldama #234, Los Reyes La Paz'),
(934, 'María de los Dolores Roque', '555-5432108', 'Avenida Cuauhtémoc #567, Nezahualcóyotl'),
(935, 'Efraín Monroy', '555-9012346', 'Calle Galeana #89, Tlalnepantla'),
(936, 'María del Rosario Durán', '555-7896540', 'Avenida Lázaro Cárdenas #12, Ecatepec'),
(937, 'Fausto Becerra', '555-4561239', 'Calle Bravo #345, Naucalpan'),
(938, 'María de la Paz Salas', '555-1230988', 'Boulevard Belisario Domínguez #678, Chimalhuacán'),
(939, 'Genaro Lara', '555-6547893', 'Calle Rayón #90, Atizapán'),
(940, 'María del Carmen Orta', '555-3214568', 'Avenida Madero #456, Tultitlán'),
(941, 'Herminio Monzón', '555-9871235', 'Calle Lerdo #123, Coacalco'),
(942, 'María de Jesús Pineda', '555-6540124', 'Boulevard Francisco Villa #789, Huixquilucan'),
(943, 'Ismael Nájera', '555-2103457', 'Calle Independencia #234, Ixtapaluca'),
(944, 'María de la Luz Tinoco', '555-5436780', 'Avenida México #567, Chalco'),
(945, 'Jacinto Bravo', '555-9018744', 'Calle 5 de Febrero #89, Texcoco'),
(946, 'María del Socorro Patiño', '555-7895431', 'Avenida Benito Juárez #12, Valle de Chalco'),
(947, 'Kaleb Ulloa', '555-4562108', 'Calle Colón #345, Los Reyes La Paz'),
(948, 'María del Refugio Hinojosa', '555-1236548', 'Boulevard Las Américas #678, Nezahualcóyotl'),
(949, 'Lino Solano', '555-6549874', 'Calle Abasolo #90, Tlalnepantla'),
(950, 'María de Lourdes Tello', '555-3217891', 'Avenida Revolución #456, Ecatepec'),
(951, 'Mauro Bermúdez', '555-9874582', 'Calle Guerrero #123, Naucalpan'),
(952, 'María de Fátima Lira', '555-6543218', 'Boulevard Constitución #789, Chimalhuacán'),
(953, 'Néstor Rangel', '555-2109871', 'Calle Morelos #234, Atizapán'),
(954, 'María de Guadalupe Orozco', '555-5432107', 'Avenida Hidalgo #567, Tultitlán'),
(955, 'Omar Salas', '555-9012347', 'Calle Reforma #89, Coacalco'),
(956, 'María de los Dolores Cuevas', '555-7896541', 'Avenida López Portillo #12, Huixquilucan'),
(957, 'Pablo Orta', '555-4561238', 'Calle 20 de Noviembre #345, Ixtapaluca'),
(958, 'María del Rosario Godínez', '555-1230989', 'Boulevard Manuel Ávila Camacho #678, Chalco'),
(959, 'María López', '555-1234567', 'Avenida Reforma #123, Ciudad de México');


-- Tabla: Sucursales
INSERT INTO `Sucursales` (`id_sucursal`, `nombre`, `direccion`, `telefono`)
VALUES
(1, 'Sucursal 1', 'Calle Morelos #245, Monterrey', '555-8761471'),
(2, 'Sucursal 2', 'Calle Benito Juárez #777, Guadalajara', '555-2242675'),
(3, 'Sucursal 3', 'Calle Benito Juárez #787, Ciudad de México', '555-3332619'),
(4, 'Sucursal 4', 'Calle Guerrero #352, Monterrey', '555-6844087'),
(5, 'Sucursal 5', 'Calle Benito Juárez #623, León', '555-2167917'),
(6, 'Sucursal 6', 'Calle Morelos #792, Cancún', '555-1118943'),
(7, 'Sucursal 7', 'Calle Zaragoza #547, Mérida', '555-3028150'),
(8, 'Sucursal 8', 'Calle Revolución #124, Cancún', '555-1001968'),
(9, 'Sucursal 9', 'Calle Zaragoza #887, Puebla', '555-7417525'),
(10, 'Sucursal 10', 'Calle Matamoros #107, Cancún', '555-2806995'),
(11, 'Sucursal 11', 'Calle Revolución #172, Monterrey', '555-9316087'),
(12, 'Sucursal 12', 'Calle Morelos #313, Ciudad de México', '555-2040909'),
(13, 'Sucursal 13', 'Calle Matamoros #418, Monterrey', '555-2237959'),
(14, 'Sucursal 14', 'Calle Morelos #999, Tijuana', '555-4454625'),
(15, 'Sucursal 15', 'Calle Zaragoza #848, Monterrey', '555-8746345'),
(16, 'Sucursal 16', 'Calle Guerrero #453, Tijuana', '555-2932108'),
(17, 'Sucursal 17', 'Calle Revolución #141, Cancún', '555-2567711'),
(18, 'Sucursal 18', 'Calle Guerrero #233, Ciudad de México', '555-4748527'),
(19, 'Sucursal 19', 'Calle Morelos #280, Cancún', '555-4264141'),
(20, 'Sucursal 20', 'Calle Benito Juárez #622, Guadalajara', '555-7841187');


-- Tabla: Empleados
INSERT INTO `Empleados` (`id_empleado`, `id_sucursal`, `nombre`, `puesto`, `salario`)
VALUES
(1, 5, 'Pedro García', 'Cocinero', 38242.06),
(2, 19, 'Ana Martínez', 'Gerente', 22633.82),
(3, 5, 'Carlos Fernández', 'Cocinero', 32922.41),
(4, 12, 'Pedro Gómez', 'Cocinero', 38061.26),
(5, 5, 'Sofía Hernández', 'Gerente', 33384.04),
(6, 17, 'Juan García', 'Cocinero', 20316.07),
(7, 19, 'Jorge López', 'Gerente', 38450.09),
(8, 5, 'Lucía Fernández', 'Repartidor', 37942.08),
(9, 3, 'Juan Hernández', 'Cocinero', 48723.84),
(10, 19, 'Jorge Martínez', 'Cocinero', 15568.24),
(11, 11, 'María Pérez', 'Cajero', 34288.83),
(12, 15, 'Ana Díaz', 'Cocinero', 21639.62),
(13, 9, 'Jorge Rodríguez', 'Gerente', 23583.28),
(14, 18, 'María Hernández', 'Cocinero', 35060.03),
(15, 17, 'Juan López', 'Repartidor', 37919.83),
(16, 10, 'Ana Díaz', 'Cajero', 40337.26),
(17, 16, 'Elena Martínez', 'Cocinero', 43785.59),
(18, 15, 'Juan Rodríguez', 'Cocinero', 36369.52),
(19, 14, 'Juan Rodríguez', 'Cajero', 37505.90),
(20, 6, 'Lucía Díaz', 'Cajero', 24055.87),
(21, 1, 'Carlos Rodríguez', 'Gerente', 35395.40),
(22, 5, 'Juan Torres', 'Cajero', 46658.09),
(23, 17, 'Lucía Martínez', 'Gerente', 25172.89),
(24, 18, 'María Fernández', 'Gerente', 30230.53),
(25, 13, 'Ana Díaz', 'Cajero', 35848.65),
(26, 1, 'Juan Díaz', 'Gerente', 27270.42),
(27, 6, 'María García', 'Repartidor', 49180.32),
(28, 15, 'Juan Gómez', 'Repartidor', 30316.10),
(29, 10, 'Juan García', 'Repartidor', 29905.61),
(30, 14, 'Pedro García', 'Cocinero', 28994.30),
(31, 3, 'Juan Torres', 'Cocinero', 39318.96),
(32, 6, 'Carlos Hernández', 'Cocinero', 36793.87),
(33, 11, 'Luis Torres', 'Cocinero', 33870.14),
(34, 3, 'Sofía Gómez', 'Gerente', 42398.90),
(35, 4, 'Luis García', 'Repartidor', 19966.77),
(36, 1, 'Sofía Martínez', 'Cocinero', 40299.87),
(37, 1, 'Juan Hernández', 'Cocinero', 30460.64),
(38, 6, 'Pedro Pérez', 'Repartidor', 49722.49),
(39, 4, 'Juan Hernández', 'Gerente', 20469.53),
(40, 2, 'Elena López', 'Cocinero', 35265.12),
(41, 4, 'Juan Hernández', 'Gerente', 49700.45),
(42, 14, 'María Rodríguez', 'Cocinero', 43077.48),
(43, 20, 'Carlos García', 'Cajero', 38830.88),
(44, 18, 'Juan Rodríguez', 'Repartidor', 46627.51),
(45, 8, 'María López', 'Cajero', 20607.50),
(46, 20, 'Pedro Torres', 'Repartidor', 38129.21),
(47, 13, 'Juan Gómez', 'Cajero', 31694.72),
(48, 11, 'Luis Pérez', 'Gerente', 33837.47),
(49, 10, 'Juan Fernández', 'Gerente', 30565.52),
(50, 4, 'Juan Hernández', 'Gerente', 19779.72),
(51, 14, 'Ana Torres', 'Gerente', 15759.83),
(52, 6, 'Lucía García', 'Gerente', 48737.67),
(53, 12, 'Luis Pérez', 'Repartidor', 44713.39),
(54, 14, 'Carlos Díaz', 'Cocinero', 27143.49),
(55, 14, 'Pedro Pérez', 'Gerente', 36233.49),
(56, 2, 'Carlos Martínez', 'Cocinero', 30208.26),
(57, 4, 'Elena Torres', 'Cajero', 30510.96),
(58, 20, 'Sofía Hernández', 'Gerente', 18125.05),
(59, 5, 'Sofía García', 'Repartidor', 17030.81),
(60, 13, 'Sofía Martínez', 'Cajero', 49595.15),
(61, 1, 'Juan Hernández', 'Cajero', 18834.69),
(62, 14, 'Juan Díaz', 'Repartidor', 21762.27),
(63, 3, 'Juan Hernández', 'Gerente', 44504.72),
(64, 18, 'Elena Pérez', 'Cajero', 27872.93),
(65, 5, 'Lucía Martínez', 'Gerente', 41046.24),
(66, 11, 'Lucía Pérez', 'Cocinero', 24597.44),
(67, 13, 'Elena García', 'Cocinero', 45844.36),
(68, 13, 'Jorge Gómez', 'Gerente', 25725.30),
(69, 1, 'María Díaz', 'Gerente', 46907.19),
(70, 13, 'Juan López', 'Cajero', 40871.37),
(71, 7, 'Ana Torres', 'Gerente', 16228.53),
(72, 6, 'Elena Torres', 'Cocinero', 24318.13),
(73, 10, 'María Pérez', 'Repartidor', 46087.11),
(74, 10, 'Lucía Martínez', 'Gerente', 43691.97),
(75, 1, 'Elena García', 'Gerente', 36566.07),
(76, 10, 'Lucía López', 'Cajero', 23599.35),
(77, 9, 'María Rodríguez', 'Repartidor', 21956.32),
(78, 18, 'María Martínez', 'Repartidor', 17683.21),
(79, 3, 'Luis Díaz', 'Repartidor', 35841.71),
(80, 11, 'Carlos Martínez', 'Gerente', 42645.65),
(81, 9, 'Lucía Gómez', 'Cajero', 41915.28),
(82, 13, 'Pedro Gómez', 'Repartidor', 35014.38),
(83, 13, 'Elena Gómez', 'Cocinero', 37364.44),
(84, 9, 'Lucía López', 'Cocinero', 22036.11),
(85, 11, 'Juan Pérez', 'Cocinero', 48583.13),
(86, 1, 'Carlos Hernández', 'Cajero', 37407.81),
(87, 5, 'Lucía Torres', 'Cocinero', 30200.75),
(88, 15, 'Juan Torres', 'Gerente', 45461.73),
(89, 19, 'Elena Torres', 'Cajero', 34853.41),
(90, 7, 'Sofía Martínez', 'Gerente', 23111.92),
(91, 4, 'Lucía Hernández', 'Cajero', 18680.28),
(92, 2, 'Carlos García', 'Cocinero', 32806.13),
(93, 7, 'Elena García', 'Gerente', 24044.11),
(94, 12, 'Elena Torres', 'Gerente', 46230.68),
(95, 4, 'Sofía Hernández', 'Repartidor', 33942.63),
(96, 13, 'Ana Hernández', 'Repartidor', 19233.45),
(97, 3, 'María Martínez', 'Cocinero', 45699.33),
(98, 10, 'Lucía Torres', 'Cajero', 30508.50),
(99, 12, 'Luis Fernández', 'Cajero', 29623.17),
(100, 5, 'Jorge Pérez', 'Cocinero', 46676.02),
(101, 5, 'Lucía Díaz', 'Cocinero', 40387.11),
(102, 10, 'María Martínez', 'Cocinero', 24141.97),
(103, 13, 'Pedro Díaz', 'Gerente', 46266.42),
(104, 15, 'Elena García', 'Cocinero', 39584.04),
(105, 12, 'Carlos Fernández', 'Repartidor', 49686.93),
(106, 20, 'Carlos Martínez', 'Cajero', 44338.03),
(107, 4, 'Juan Martínez', 'Gerente', 45310.84),
(108, 17, 'Elena Martínez', 'Repartidor', 36936.13),
(109, 1, 'Luis Hernández', 'Cocinero', 45201.74),
(110, 10, 'Sofía Hernández', 'Gerente', 15539.18),
(111, 5, 'Lucía Hernández', 'Repartidor', 33226.13),
(112, 6, 'Ana Torres', 'Cocinero', 27887.06),
(113, 7, 'Elena Martínez', 'Gerente', 25981.26),
(114, 8, 'Pedro Gómez', 'Repartidor', 27831.52),
(115, 19, 'Jorge García', 'Cajero', 21454.64),
(116, 10, 'Sofía Gómez', 'Repartidor', 17764.32),
(117, 6, 'Sofía Martínez', 'Cajero', 22277.31),
(118, 8, 'Juan Fernández', 'Cajero', 47686.51),
(119, 18, 'Lucía García', 'Cocinero', 34164.59),
(120, 19, 'María Torres', 'Cocinero', 33007.28),
(121, 16, 'María Rodríguez', 'Repartidor', 38430.51),
(122, 5, 'Ana Torres', 'Cajero', 28566.10),
(123, 10, 'Juan Torres', 'Cajero', 47619.61),
(124, 20, 'Lucía García', 'Cajero', 35674.04),
(125, 10, 'Elena Pérez', 'Gerente', 20702.32),
(126, 6, 'Lucía López', 'Cocinero', 22604.85),
(127, 4, 'Lucía Gómez', 'Cajero', 45356.02),
(128, 19, 'Ana Martínez', 'Repartidor', 47367.53),
(129, 15, 'Ana Gómez', 'Cajero', 28196.64),
(130, 17, 'Juan Gómez', 'Cajero', 27228.27),
(131, 1, 'Luis López', 'Cajero', 46337.32),
(132, 18, 'Lucía Pérez', 'Gerente', 49899.75),
(133, 17, 'María Rodríguez', 'Cajero', 20941.21),
(134, 13, 'Luis Martínez', 'Cajero', 43229.75),
(135, 4, 'Carlos Gómez', 'Cocinero', 16718.68),
(136, 6, 'Luis Martínez', 'Cocinero', 20322.12),
(137, 16, 'Elena Pérez', 'Cajero', 33371.04),
(138, 1, 'María Gómez', 'Cocinero', 40347.97),
(139, 18, 'Lucía García', 'Gerente', 43718.05),
(140, 10, 'Carlos Torres', 'Repartidor', 45325.76),
(141, 7, 'Luis García', 'Repartidor', 30697.31),
(142, 3, 'Lucía García', 'Gerente', 32807.29),
(143, 20, 'Elena Martínez', 'Cajero', 35129.85),
(144, 5, 'Ana Hernández', 'Cocinero', 30023.17),
(145, 18, 'Pedro Rodríguez', 'Cocinero', 48964.05),
(146, 9, 'Lucía Torres', 'Cocinero', 23729.81),
(147, 16, 'Pedro Díaz', 'Cocinero', 27871.34),
(148, 2, 'Carlos Martínez', 'Cocinero', 49552.57),
(149, 19, 'Pedro López', 'Gerente', 30932.82),
(150, 4, 'Ana Torres', 'Gerente', 41075.73),
(151, 12, 'Lucía López', 'Gerente', 16996.40),
(152, 11, 'Sofía Fernández', 'Cajero', 27461.34),
(153, 10, 'Sofía Fernández', 'Repartidor', 36481.75),
(154, 2, 'Elena Rodríguez', 'Cajero', 27242.86),
(155, 14, 'Juan Gómez', 'Cajero', 45052.04),
(156, 8, 'Carlos Gómez', 'Cajero', 28694.73),
(157, 18, 'Elena García', 'Gerente', 28938.78),
(158, 14, 'Elena Pérez', 'Repartidor', 16537.45),
(159, 2, 'Jorge López', 'Repartidor', 44418.92),
(160, 16, 'Juan Gómez', 'Cocinero', 18046.23),
(161, 8, 'Jorge García', 'Repartidor', 46714.19),
(162, 13, 'Ana Torres', 'Gerente', 36162.38),
(163, 16, 'Sofía García', 'Repartidor', 38190.53),
(164, 19, 'Ana Pérez', 'Gerente', 41047.89),
(165, 5, 'Lucía Torres', 'Gerente', 27123.87),
(166, 9, 'Ana Pérez', 'Cajero', 39900.39),
(167, 5, 'Carlos Fernández', 'Repartidor', 40997.17),
(168, 19, 'Elena Rodríguez', 'Cocinero', 37960.07),
(169, 2, 'Elena Torres', 'Cajero', 35141.52),
(170, 11, 'Elena Pérez', 'Gerente', 30138.71),
(171, 4, 'Juan Gómez', 'Repartidor', 44811.74),
(172, 4, 'Ana Hernández', 'Cajero', 42612.17),
(173, 19, 'Pedro Rodríguez', 'Repartidor', 15303.76),
(174, 3, 'Ana Díaz', 'Cocinero', 43287.63),
(175, 5, 'María López', 'Gerente', 40016.65),
(176, 11, 'Elena García', 'Gerente', 17441.96),
(177, 12, 'Jorge Rodríguez', 'Gerente', 21491.36),
(178, 15, 'Pedro Díaz', 'Gerente', 38886.79),
(179, 19, 'Luis Pérez', 'Cocinero', 35023.02),
(180, 4, 'Elena López', 'Cocinero', 18768.61),
(181, 16, 'Elena Fernández', 'Cajero', 23214.10),
(182, 8, 'Jorge Fernández', 'Cocinero', 28039.69),
(183, 19, 'Jorge Díaz', 'Cocinero', 23166.26),
(184, 5, 'Lucía Torres', 'Cocinero', 32089.07),
(185, 14, 'Lucía Rodríguez', 'Gerente', 39559.20),
(186, 15, 'Elena Gómez', 'Cocinero', 40815.85),
(187, 9, 'Sofía Fernández', 'Cocinero', 41614.52),
(188, 5, 'Ana Torres', 'Cocinero', 22102.80),
(189, 7, 'María García', 'Cajero', 19929.19),
(190, 4, 'Sofía López', 'Gerente', 34777.52),
(191, 10, 'Carlos Rodríguez', 'Cajero', 31240.32),
(192, 12, 'Pedro García', 'Cocinero', 27936.19),
(193, 11, 'Sofía Díaz', 'Repartidor', 29358.38),
(194, 17, 'Ana Hernández', 'Cajero', 34286.15),
(195, 4, 'Lucía Gómez', 'Cocinero', 36014.18),
(196, 6, 'Pedro Hernández', 'Gerente', 24891.05),
(197, 1, 'María Torres', 'Repartidor', 25571.84),
(198, 7, 'Carlos Rodríguez', 'Repartidor', 44128.19),
(199, 15, 'Juan Fernández', 'Cocinero', 36414.62),
(200, 17, 'Pedro García', 'Cocinero', 26258.40),
(201, 1, 'Carlos Hernández', 'Cajero', 15839.18),
(202, 15, 'Ana Martínez', 'Cajero', 18064.97),
(203, 13, 'Lucía Pérez', 'Repartidor', 32244.19),
(204, 3, 'Elena Rodríguez', 'Gerente', 36672.16),
(205, 12, 'Carlos Díaz', 'Gerente', 45094.68),
(206, 15, 'María Díaz', 'Cocinero', 27391.99),
(207, 2, 'Elena Fernández', 'Cocinero', 21242.00),
(208, 15, 'Juan Pérez', 'Gerente', 24645.08),
(209, 3, 'Juan López', 'Gerente', 46519.30),
(210, 15, 'Luis Pérez', 'Gerente', 23748.55),
(211, 19, 'Lucía Díaz', 'Gerente', 38910.20),
(212, 11, 'Lucía Hernández', 'Cajero', 40605.67),
(213, 15, 'Elena Pérez', 'Repartidor', 42258.12),
(214, 14, 'Carlos Fernández', 'Cajero', 18203.62),
(215, 3, 'Carlos García', 'Cocinero', 26579.43),
(216, 6, 'Juan Martínez', 'Gerente', 40870.84),
(217, 4, 'Juan Fernández', 'Cocinero', 40349.65),
(218, 11, 'Ana Hernández', 'Cocinero', 18577.46),
(219, 20, 'Elena Rodríguez', 'Cocinero', 31374.33),
(220, 15, 'Luis García', 'Gerente', 46910.76),
(221, 10, 'Jorge Rodríguez', 'Cajero', 45127.87),
(222, 1, 'Ana Pérez', 'Repartidor', 38383.33),
(223, 18, 'Lucía Martínez', 'Cajero', 17071.22),
(224, 7, 'Pedro Díaz', 'Gerente', 39541.17),
(225, 15, 'Lucía Díaz', 'Cocinero', 18676.36),
(226, 17, 'Ana Torres', 'Repartidor', 35907.22),
(227, 9, 'Jorge López', 'Cajero', 35597.07),
(228, 13, 'Jorge Hernández', 'Gerente', 25421.16),
(229, 10, 'Jorge López', 'Gerente', 24329.46),
(230, 7, 'Elena Hernández', 'Gerente', 39489.10),
(231, 6, 'Juan Fernández', 'Gerente', 20279.10),
(232, 13, 'Ana Díaz', 'Gerente', 33775.90),
(233, 19, 'Luis López', 'Cajero', 42160.38),
(234, 5, 'Carlos Fernández', 'Repartidor', 15736.98),
(235, 13, 'Elena Díaz', 'Repartidor', 34525.71),
(236, 13, 'Luis Torres', 'Gerente', 17447.23),
(237, 13, 'Pedro Pérez', 'Cocinero', 19488.13),
(238, 2, 'Sofía Hernández', 'Gerente', 29914.59),
(239, 18, 'Carlos Martínez', 'Cocinero', 44115.98),
(240, 5, 'Elena López', 'Cocinero', 16830.35),
(241, 10, 'Sofía García', 'Repartidor', 27137.54),
(242, 5, 'Luis Fernández', 'Cocinero', 43859.32),
(243, 16, 'Lucía Hernández', 'Cocinero', 35488.95),
(244, 12, 'Elena López', 'Gerente', 48296.69),
(245, 15, 'Carlos Martínez', 'Cocinero', 24122.17),
(246, 13, 'Luis Rodríguez', 'Repartidor', 18457.36),
(247, 8, 'Luis Díaz', 'Repartidor', 34723.97),
(248, 6, 'Jorge Fernández', 'Cajero', 43007.71),
(249, 7, 'Elena Martínez', 'Repartidor', 49485.15),
(250, 11, 'Sofía Martínez', 'Gerente', 38388.53),
(251, 1, 'Elena Torres', 'Gerente', 37706.41),
(252, 18, 'Ana Rodríguez', 'Repartidor', 49452.76),
(253, 6, 'Jorge García', 'Cajero', 23386.85),
(254, 5, 'Pedro Martínez', 'Repartidor', 28680.33),
(255, 12, 'Ana Hernández', 'Cajero', 38250.01),
(256, 9, 'Ana Fernández', 'Cocinero', 33316.84),
(257, 11, 'Pedro Fernández', 'Gerente', 19168.28),
(258, 4, 'Pedro Pérez', 'Gerente', 15986.72),
(259, 14, 'Ana Hernández', 'Repartidor', 29225.60),
(260, 5, 'Pedro Martínez', 'Repartidor', 37529.70),
(261, 7, 'Lucía Fernández', 'Repartidor', 46270.23),
(262, 9, 'Carlos Fernández', 'Repartidor', 47606.13),
(263, 19, 'Ana Hernández', 'Gerente', 34941.51),
(264, 3, 'Sofía López', 'Cocinero', 30585.48),
(265, 16, 'Luis Torres', 'Cocinero', 44417.61),
(266, 13, 'Lucía Díaz', 'Repartidor', 39598.40),
(267, 14, 'Jorge Martínez', 'Cajero', 28636.59),
(268, 1, 'Carlos Torres', 'Cocinero', 15888.16),
(269, 5, 'Carlos López', 'Gerente', 41428.20),
(270, 17, 'Pedro Gómez', 'Cocinero', 47682.31),
(271, 7, 'Pedro Gómez', 'Cajero', 38480.47),
(272, 7, 'Pedro Díaz', 'Gerente', 21706.81),
(273, 15, 'Lucía Martínez', 'Cocinero', 39945.76),
(274, 5, 'Elena Fernández', 'Cajero', 19577.25),
(275, 19, 'Luis Pérez', 'Cocinero', 29514.15),
(276, 18, 'Jorge Pérez', 'Cocinero', 37757.02),
(277, 13, 'Sofía Torres', 'Cocinero', 49338.34),
(278, 10, 'Ana Martínez', 'Gerente', 37842.60),
(279, 6, 'Lucía Hernández', 'Cocinero', 47469.91),
(280, 2, 'María Martínez', 'Repartidor', 40956.70),
(281, 9, 'Juan Hernández', 'Repartidor', 25952.85),
(282, 4, 'Jorge Torres', 'Gerente', 40472.39),
(283, 10, 'Lucía García', 'Cocinero', 22105.91),
(284, 20, 'Elena Díaz', 'Cajero', 29721.12),
(285, 13, 'Sofía Rodríguez', 'Cocinero', 26397.81),
(286, 1, 'Lucía Hernández', 'Cajero', 26302.28),
(287, 1, 'Ana Torres', 'Cocinero', 43095.17),
(288, 14, 'Carlos Fernández', 'Cocinero', 41477.75),
(289, 17, 'Pedro Martínez', 'Cajero', 23107.86),
(290, 17, 'Ana Hernández', 'Cajero', 16083.79),
(291, 13, 'Ana Hernández', 'Repartidor', 16580.94),
(292, 19, 'Jorge Fernández', 'Gerente', 40508.84),
(293, 2, 'Jorge Hernández', 'Repartidor', 18053.03),
(294, 14, 'Carlos Hernández', 'Cocinero', 17159.27),
(295, 7, 'Ana Martínez', 'Cocinero', 27104.81),
(296, 4, 'Luis Torres', 'Cajero', 25624.74),
(297, 1, 'Lucía Martínez', 'Repartidor', 18699.97),
(298, 17, 'Luis Martínez', 'Cajero', 49187.89),
(299, 18, 'María Gómez', 'Cocinero', 26006.66),
(300, 18, 'Sofía Díaz', 'Gerente', 25353.05),
(301, 14, 'Carlos Gómez', 'Cocinero', 49615.32),
(302, 13, 'María Torres', 'Cocinero', 36146.98),
(303, 16, 'Elena Martínez', 'Gerente', 29745.13),
(304, 9, 'Carlos Díaz', 'Cajero', 40704.14),
(305, 3, 'Luis García', 'Repartidor', 31049.28),
(306, 2, 'Jorge Martínez', 'Cocinero', 37476.85),
(307, 15, 'Luis Torres', 'Repartidor', 44310.20),
(308, 11, 'Sofía López', 'Cajero', 48030.02),
(309, 8, 'Jorge Rodríguez', 'Cocinero', 34712.27),
(310, 20, 'Elena Díaz', 'Gerente', 37942.85),
(311, 9, 'Lucía García', 'Cajero', 25088.12),
(312, 13, 'Ana Gómez', 'Cajero', 32348.03),
(313, 3, 'Jorge Díaz', 'Cocinero', 27556.10),
(314, 17, 'Sofía Díaz', 'Repartidor', 17974.13),
(315, 2, 'Luis Díaz', 'Gerente', 20632.71),
(316, 11, 'Elena López', 'Repartidor', 37078.44),
(317, 19, 'Lucía Gómez', 'Gerente', 39288.89),
(318, 15, 'Pedro Hernández', 'Cajero', 31760.43),
(319, 4, 'Sofía Pérez', 'Cajero', 47705.61),
(320, 15, 'Luis Martínez', 'Cajero', 32326.29),
(321, 18, 'Carlos García', 'Cajero', 43328.92),
(322, 5, 'Luis Pérez', 'Cajero', 28523.20),
(323, 7, 'Lucía Pérez', 'Cajero', 45421.49),
(324, 5, 'Pedro Martínez', 'Repartidor', 27196.09),
(325, 13, 'María Torres', 'Cajero', 32699.42),
(326, 10, 'Jorge López', 'Gerente', 19883.64),
(327, 10, 'Sofía Martínez', 'Repartidor', 36906.84),
(328, 19, 'Carlos Rodríguez', 'Repartidor', 30996.57),
(329, 2, 'Luis Gómez', 'Cajero', 26023.48),
(330, 20, 'Sofía Torres', 'Repartidor', 33051.27),
(331, 6, 'Jorge Gómez', 'Cocinero', 26461.29),
(332, 14, 'Carlos Hernández', 'Cajero', 24053.83),
(333, 3, 'Jorge García', 'Cocinero', 22138.79),
(334, 6, 'Luis Pérez', 'Gerente', 44073.37),
(335, 1, 'Luis Gómez', 'Gerente', 39885.08),
(336, 1, 'María Gómez', 'Cocinero', 18663.91),
(337, 13, 'Elena López', 'Cocinero', 37383.36),
(338, 10, 'Luis Pérez', 'Repartidor', 39012.00),
(339, 20, 'Pedro Hernández', 'Repartidor', 23681.67),
(340, 15, 'Elena Hernández', 'Repartidor', 31174.31),
(341, 19, 'Jorge Martínez', 'Cajero', 42186.94),
(342, 9, 'Sofía García', 'Cocinero', 18468.96),
(343, 9, 'María Martínez', 'Repartidor', 39117.72),
(344, 10, 'María Pérez', 'Cajero', 49654.44),
(345, 1, 'Ana Fernández', 'Cajero', 16707.90),
(346, 17, 'María Hernández', 'Repartidor', 15519.95),
(347, 19, 'Elena García', 'Gerente', 18507.95),
(348, 7, 'Elena Torres', 'Cajero', 16142.28),
(349, 9, 'Jorge García', 'Gerente', 29570.15),
(350, 12, 'Jorge García', 'Cajero', 33761.54),
(351, 10, 'Elena López', 'Cocinero', 28016.64),
(352, 14, 'Ana Fernández', 'Gerente', 20852.19),
(353, 10, 'Juan Pérez', 'Repartidor', 18203.68),
(354, 15, 'Luis Torres', 'Cocinero', 45479.24),
(355, 3, 'Luis Torres', 'Cocinero', 22363.38),
(356, 13, 'María Gómez', 'Gerente', 15706.92),
(357, 19, 'Juan Pérez', 'Gerente', 36602.39),
(358, 17, 'María Gómez', 'Cajero', 25001.04),
(359, 18, 'Jorge López', 'Gerente', 26881.75),
(360, 18, 'Jorge López', 'Repartidor', 27166.86),
(361, 13, 'Lucía García', 'Repartidor', 20102.17),
(362, 17, 'Ana Torres', 'Repartidor', 47845.65),
(363, 18, 'Carlos Martínez', 'Repartidor', 45308.49),
(364, 2, 'María Díaz', 'Cajero', 28767.15),
(365, 8, 'Jorge Díaz', 'Cajero', 41545.03),
(366, 15, 'María Rodríguez', 'Cajero', 49360.88),
(367, 12, 'Lucía Hernández', 'Cajero', 47527.61),
(368, 17, 'Luis Gómez', 'Cajero', 45194.11),
(369, 16, 'Luis López', 'Cocinero', 34063.62),
(370, 12, 'Jorge García', 'Cocinero', 39682.71),
(371, 17, 'María Díaz', 'Repartidor', 19829.99),
(372, 16, 'Elena López', 'Repartidor', 44835.42),
(373, 11, 'Carlos Pérez', 'Repartidor', 31742.22),
(374, 12, 'María García', 'Cajero', 32094.91),
(375, 4, 'Carlos Fernández', 'Gerente', 44511.27),
(376, 17, 'Lucía Hernández', 'Cocinero', 16844.48),
(377, 5, 'María Rodríguez', 'Repartidor', 41274.50),
(378, 11, 'Pedro García', 'Cajero', 42579.21),
(379, 1, 'María Fernández', 'Gerente', 17403.88),
(380, 20, 'Luis Hernández', 'Cajero', 48633.46),
(381, 16, 'Sofía Fernández', 'Cocinero', 32041.49),
(382, 13, 'María López', 'Cocinero', 23151.83),
(383, 18, 'Ana Martínez', 'Gerente', 34317.40),
(384, 7, 'María Hernández', 'Gerente', 38947.68),
(385, 15, 'Jorge Hernández', 'Gerente', 15482.86),
(386, 18, 'Lucía López', 'Gerente', 40879.93),
(387, 20, 'Elena López', 'Repartidor', 35404.30),
(388, 4, 'Juan Díaz', 'Gerente', 24094.72),
(389, 5, 'Juan Gómez', 'Cajero', 21712.86),
(390, 19, 'Carlos Hernández', 'Cajero', 23488.60),
(391, 5, 'Lucía Pérez', 'Gerente', 28193.47),
(392, 17, 'Jorge Pérez', 'Repartidor', 26665.56),
(393, 1, 'Sofía Gómez', 'Gerente', 23955.60),
(394, 10, 'Jorge López', 'Repartidor', 29184.84),
(395, 13, 'Ana García', 'Cocinero', 25798.26),
(396, 13, 'Elena Torres', 'Repartidor', 39224.36),
(397, 1, 'María Hernández', 'Cocinero', 47542.55),
(398, 1, 'Sofía Rodríguez', 'Gerente', 33123.14),
(399, 7, 'Elena Martínez', 'Gerente', 48466.85),
(400, 5, 'Jorge Martínez', 'Cajero', 20245.23),
(401, 14, 'Pedro Hernández', 'Cajero', 26214.15),
(402, 6, 'Ana López', 'Repartidor', 41343.90),
(403, 7, 'Carlos Díaz', 'Repartidor', 22885.68),
(404, 12, 'Elena Hernández', 'Cajero', 42795.48),
(405, 4, 'Juan Rodríguez', 'Gerente', 44937.82),
(406, 2, 'Carlos Fernández', 'Cocinero', 25061.19),
(407, 13, 'Luis Fernández', 'Repartidor', 33554.54),
(408, 17, 'Pedro Torres', 'Gerente', 29033.85),
(409, 18, 'Pedro Hernández', 'Gerente', 20024.97),
(410, 12, 'Juan Pérez', 'Cocinero', 17631.75),
(411, 8, 'Jorge García', 'Cocinero', 26570.87),
(412, 12, 'Luis García', 'Cocinero', 41815.28),
(413, 9, 'Carlos Pérez', 'Repartidor', 41598.80),
(414, 6, 'Carlos García', 'Repartidor', 40027.99),
(415, 9, 'Sofía Martínez', 'Cocinero', 23036.05),
(416, 18, 'Luis Fernández', 'Cajero', 31931.28),
(417, 7, 'Ana López', 'Gerente', 34383.48),
(418, 8, 'Ana Rodríguez', 'Gerente', 34663.77),
(419, 14, 'Carlos Rodríguez', 'Cocinero', 23384.94),
(420, 17, 'Pedro Fernández', 'Gerente', 46019.32),
(421, 16, 'Sofía Hernández', 'Cajero', 49015.22),
(422, 15, 'Lucía Pérez', 'Cocinero', 26147.82),
(423, 15, 'Carlos Rodríguez', 'Cajero', 33023.55),
(424, 15, 'Pedro Martínez', 'Cajero', 24778.46),
(425, 17, 'María Hernández', 'Cocinero', 16223.89),
(426, 9, 'Pedro López', 'Cocinero', 16990.09),
(427, 10, 'Jorge Martínez', 'Repartidor', 24487.96),
(428, 5, 'Elena López', 'Cajero', 49366.84),
(429, 6, 'María Díaz', 'Repartidor', 30965.94),
(430, 8, 'Carlos Pérez', 'Cajero', 30849.06),
(431, 14, 'María García', 'Gerente', 34346.80),
(432, 14, 'Juan Gómez', 'Repartidor', 37933.32),
(433, 12, 'Pedro Torres', 'Cajero', 47821.29),
(434, 19, 'Ana Martínez', 'Cajero', 49077.85),
(435, 4, 'María Díaz', 'Gerente', 42925.83),
(436, 3, 'Juan Fernández', 'Gerente', 23872.58),
(437, 14, 'Juan Hernández', 'Cocinero', 27124.75),
(438, 8, 'Juan Pérez', 'Cajero', 25857.68),
(439, 12, 'María Díaz', 'Repartidor', 37401.26),
(440, 1, 'Jorge López', 'Cocinero', 47441.66),
(441, 4, 'Luis Gómez', 'Cocinero', 28420.86),
(442, 14, 'Luis Fernández', 'Cajero', 49030.21),
(443, 5, 'Carlos Fernández', 'Cajero', 22607.29),
(444, 17, 'Pedro Torres', 'Cajero', 42653.46),
(445, 5, 'Ana Martínez', 'Cajero', 43552.58),
(446, 9, 'Sofía Martínez', 'Cocinero', 26734.43),
(447, 3, 'Carlos Pérez', 'Cajero', 29200.37),
(448, 17, 'María Pérez', 'Cocinero', 20133.13),
(449, 7, 'Luis Torres', 'Gerente', 42079.38),
(450, 16, 'Lucía Hernández', 'Repartidor', 30686.57),
(451, 3, 'Juan Hernández', 'Cocinero', 25258.34),
(452, 2, 'Luis Díaz', 'Gerente', 29840.07),
(453, 16, 'Elena Díaz', 'Cajero', 47716.10),
(454, 16, 'Carlos Pérez', 'Gerente', 16404.11),
(455, 7, 'Jorge Martínez', 'Cajero', 25055.02),
(456, 10, 'Carlos Martínez', 'Repartidor', 15094.93),
(457, 19, 'Jorge López', 'Cocinero', 44239.33),
(458, 8, 'Ana Hernández', 'Cocinero', 20769.05),
(459, 15, 'Pedro Hernández', 'Cajero', 22632.74),
(460, 12, 'Pedro López', 'Repartidor', 30662.73),
(461, 3, 'Ana Fernández', 'Cocinero', 31933.95),
(462, 16, 'Ana Gómez', 'Repartidor', 18187.70),
(463, 4, 'Sofía López', 'Repartidor', 45258.07),
(464, 5, 'Pedro García', 'Cocinero', 37743.96),
(465, 16, 'Elena García', 'Cocinero', 43767.38),
(466, 12, 'Sofía Hernández', 'Gerente', 43628.11),
(467, 14, 'María Rodríguez', 'Cajero', 40967.96),
(468, 3, 'Juan García', 'Repartidor', 33916.09),
(469, 11, 'Elena Díaz', 'Cajero', 30102.96),
(470, 3, 'Jorge Hernández', 'Gerente', 31035.39),
(471, 15, 'Sofía García', 'Cocinero', 35582.87),
(472, 20, 'Juan Fernández', 'Cocinero', 18492.63),
(473, 5, 'Juan García', 'Cajero', 45545.25),
(474, 2, 'Lucía Hernández', 'Cocinero', 35486.12),
(475, 12, 'Lucía Torres', 'Cocinero', 19011.54),
(476, 8, 'Carlos Martínez', 'Gerente', 19879.00),
(477, 4, 'Ana Díaz', 'Repartidor', 22092.06),
(478, 7, 'Jorge Martínez', 'Cajero', 15114.79),
(479, 17, 'Luis García', 'Cocinero', 38430.09),
(480, 8, 'Ana García', 'Repartidor', 29104.71),
(481, 15, 'María Gómez', 'Gerente', 42142.81),
(482, 1, 'Luis Torres', 'Cocinero', 19382.02),
(483, 10, 'Lucía Torres', 'Gerente', 29529.15),
(484, 14, 'Jorge Díaz', 'Cajero', 23379.22),
(485, 7, 'Lucía Torres', 'Repartidor', 42048.19),
(486, 10, 'Pedro García', 'Gerente', 37945.87),
(487, 8, 'María García', 'Gerente', 16701.72),
(488, 19, 'Sofía Martínez', 'Repartidor', 25519.70),
(489, 12, 'Lucía Torres', 'Cajero', 35116.55),
(490, 16, 'María García', 'Gerente', 20197.94),
(491, 8, 'Elena Torres', 'Repartidor', 38130.30),
(492, 8, 'Carlos Hernández', 'Repartidor', 26780.35),
(493, 16, 'Carlos Hernández', 'Gerente', 18642.22),
(494, 14, 'Juan Torres', 'Cocinero', 41756.70),
(495, 16, 'Ana López', 'Repartidor', 48502.15),
(496, 15, 'Carlos Martínez', 'Cajero', 26191.64),
(497, 19, 'Elena Fernández', 'Gerente', 42575.98),
(498, 10, 'Lucía López', 'Cocinero', 34148.61),
(499, 13, 'Pedro Martínez', 'Cajero', 29310.50),
(500, 11, 'Jorge García', 'Cajero', 38720.94);


-- Tabla: Productos
INSERT INTO `Productos` (`id_producto`, `nombre`, `precio`, `tipo_producto`)
VALUES
(1, 'Ensalada 3', 128.32, 'Bebida'),
(2, 'Taco 4', 272.79, 'Bebida'),
(3, 'Pasta 4', 424.25, 'Postre'),
(4, 'Hot Dog 1', 115.20, 'Comida'),
(5, 'Hamburguesa 1', 199.25, 'Postre'),
(6, 'Hamburguesa 4', 202.12, 'Comida'),
(7, 'Pizza 4', 491.08, 'Bebida'),
(8, 'Sushi 4', 127.91, 'Postre'),
(9, 'Hot Dog 2', 75.05, 'Bebida'),
(10, 'Hot Dog 2', 274.12, 'Postre'),
(11, 'Pasta 3', 466.45, 'Bebida'),
(12, 'Pasta 2', 319.67, 'Bebida'),
(13, 'Hot Dog 5', 168.17, 'Bebida'),
(14, 'Pasta 5', 232.98, 'Comida'),
(15, 'Pasta 2', 317.99, 'Comida'),
(16, 'Pizza 2', 317.82, 'Comida'),
(17, 'Ensalada 1', 201.54, 'Bebida'),
(18, 'Pizza 1', 274.25, 'Bebida'),
(19, 'Ensalada 1', 149.09, 'Bebida'),
(20, 'Hamburguesa 1', 440.24, 'Bebida'),
(21, 'Pasta 2', 317.88, 'Postre'),
(22, 'Ensalada 1', 270.57, 'Postre'),
(23, 'Ensalada 4', 169.72, 'Comida'),
(24, 'Hamburguesa 5', 55.91, 'Comida'),
(25, 'Hot Dog 1', 401.95, 'Comida'),
(26, 'Wrap 1', 171.12, 'Comida'),
(27, 'Hamburguesa 4', 101.90, 'Postre'),
(28, 'Sandwich 2', 430.83, 'Bebida'),
(29, 'Burrito 1', 67.55, 'Bebida'),
(30, 'Taco 1', 335.44, 'Postre'),
(31, 'Sushi 1', 53.50, 'Bebida'),
(32, 'Ensalada 4', 114.09, 'Bebida'),
(33, 'Wrap 4', 123.29, 'Postre'),
(34, 'Sandwich 4', 333.13, 'Comida'),
(35, 'Ensalada 4', 382.23, 'Bebida'),
(36, 'Pizza 1', 159.69, 'Comida'),
(37, 'Taco 1', 164.50, 'Comida'),
(38, 'Pizza 1', 94.54, 'Postre'),
(39, 'Burrito 5', 292.72, 'Comida'),
(40, 'Ensalada 4', 422.05, 'Bebida'),
(41, 'Sushi 4', 54.15, 'Postre'),
(42, 'Ensalada 2', 107.33, 'Bebida'),
(43, 'Taco 4', 109.83, 'Postre'),
(44, 'Hamburguesa 5', 319.18, 'Postre'),
(45, 'Pizza 2', 127.08, 'Bebida'),
(46, 'Burrito 2', 120.44, 'Postre'),
(47, 'Taco 4', 461.76, 'Bebida'),
(48, 'Hamburguesa 1', 349.68, 'Postre'),
(49, 'Hot Dog 4', 336.94, 'Bebida'),
(50, 'Wrap 2', 161.49, 'Comida'),
(51, 'Hot Dog 4', 136.60, 'Postre'),
(52, 'Pasta 1', 52.43, 'Postre'),
(53, 'Sandwich 3', 160.37, 'Bebida'),
(54, 'Ensalada 5', 208.37, 'Postre'),
(55, 'Sandwich 3', 468.70, 'Comida'),
(56, 'Sandwich 2', 389.36, 'Postre'),
(57, 'Burrito 2', 372.79, 'Comida'),
(58, 'Burrito 4', 392.71, 'Comida'),
(59, 'Sushi 3', 97.15, 'Comida'),
(60, 'Pasta 2', 390.60, 'Comida'),
(61, 'Sandwich 4', 420.09, 'Comida'),
(62, 'Sushi 3', 383.55, 'Postre'),
(63, 'Pizza 2', 288.09, 'Postre'),
(64, 'Pizza 2', 194.92, 'Comida'),
(65, 'Sushi 1', 204.51, 'Bebida'),
(66, 'Hot Dog 1', 95.80, 'Comida'),
(67, 'Ensalada 2', 255.01, 'Comida'),
(68, 'Pizza 5', 392.43, 'Comida'),
(69, 'Pasta 1', 446.40, 'Postre'),
(70, 'Sandwich 2', 240.76, 'Postre'),
(71, 'Wrap 5', 99.96, 'Bebida'),
(72, 'Pasta 2', 264.25, 'Postre'),
(73, 'Burrito 2', 123.11, 'Postre'),
(74, 'Sandwich 3', 119.13, 'Comida'),
(75, 'Hot Dog 3', 96.90, 'Comida'),
(76, 'Taco 2', 355.51, 'Comida'),
(77, 'Pasta 4', 318.70, 'Comida'),
(78, 'Burrito 5', 377.05, 'Bebida'),
(79, 'Sushi 5', 103.97, 'Bebida'),
(80, 'Hamburguesa 2', 107.78, 'Postre'),
(81, 'Hot Dog 1', 414.04, 'Bebida'),
(82, 'Sushi 2', 121.73, 'Bebida'),
(83, 'Ensalada 1', 455.32, 'Postre'),
(84, 'Burrito 1', 384.65, 'Comida'),
(85, 'Sandwich 2', 367.92, 'Comida'),
(86, 'Ensalada 2', 63.08, 'Comida'),
(87, 'Burrito 4', 405.86, 'Comida'),
(88, 'Wrap 4', 372.32, 'Bebida'),
(89, 'Wrap 4', 295.67, 'Postre'),
(90, 'Pasta 4', 428.36, 'Postre'),
(91, 'Pasta 2', 132.77, 'Postre'),
(92, 'Sushi 3', 314.81, 'Comida'),
(93, 'Sandwich 1', 331.16, 'Postre'),
(94, 'Taco 2', 348.25, 'Postre'),
(95, 'Wrap 5', 122.94, 'Comida'),
(96, 'Taco 4', 88.56, 'Comida'),
(97, 'Pasta 2', 308.86, 'Bebida'),
(98, 'Wrap 2', 300.97, 'Postre'),
(99, 'Pizza 2', 114.79, 'Postre'),
(100, 'Hot Dog 3', 293.14, 'Comida'),
(101, 'Wrap 2', 485.31, 'Bebida'),
(102, 'Pasta 3', 154.54, 'Postre'),
(103, 'Sandwich 4', 289.63, 'Bebida'),
(104, 'Pasta 3', 247.92, 'Postre'),
(105, 'Ensalada 5', 455.53, 'Comida'),
(106, 'Pasta 4', 62.03, 'Bebida'),
(107, 'Sushi 3', 103.16, 'Comida'),
(108, 'Hamburguesa 3', 332.92, 'Postre'),
(109, 'Hamburguesa 4', 396.50, 'Comida'),
(110, 'Hamburguesa 3', 404.51, 'Postre'),
(111, 'Pizza 5', 337.65, 'Postre'),
(112, 'Hamburguesa 2', 430.38, 'Bebida'),
(113, 'Ensalada 1', 123.35, 'Postre'),
(114, 'Hamburguesa 4', 270.24, 'Comida'),
(115, 'Sandwich 1', 430.59, 'Bebida'),
(116, 'Ensalada 2', 194.18, 'Bebida'),
(117, 'Wrap 4', 183.73, 'Comida'),
(118, 'Hot Dog 3', 151.39, 'Postre'),
(119, 'Hot Dog 3', 120.90, 'Postre'),
(120, 'Sushi 2', 351.05, 'Comida'),
(121, 'Burrito 5', 439.76, 'Postre'),
(122, 'Hamburguesa 4', 490.55, 'Postre'),
(123, 'Sushi 4', 419.43, 'Bebida'),
(124, 'Taco 1', 270.05, 'Bebida'),
(125, 'Pizza 2', 264.94, 'Bebida'),
(126, 'Sandwich 4', 79.05, 'Comida'),
(127, 'Pizza 1', 447.80, 'Bebida'),
(128, 'Pizza 4', 229.04, 'Bebida'),
(129, 'Sandwich 4', 117.53, 'Postre'),
(130, 'Wrap 3', 99.10, 'Postre'),
(131, 'Pasta 1', 194.28, 'Postre'),
(132, 'Ensalada 5', 186.79, 'Comida'),
(133, 'Wrap 5', 472.23, 'Postre'),
(134, 'Sandwich 1', 453.63, 'Comida'),
(135, 'Sushi 4', 310.29, 'Comida'),
(136, 'Hamburguesa 1', 124.44, 'Postre'),
(137, 'Hamburguesa 4', 488.56, 'Postre'),
(138, 'Pizza 2', 424.28, 'Postre'),
(139, 'Sandwich 4', 88.67, 'Comida'),
(140, 'Pasta 2', 334.16, 'Comida'),
(141, 'Ensalada 5', 452.96, 'Comida'),
(142, 'Pasta 3', 270.55, 'Comida'),
(143, 'Pasta 2', 377.88, 'Comida'),
(144, 'Pasta 4', 330.84, 'Bebida'),
(145, 'Hot Dog 4', 363.97, 'Bebida'),
(146, 'Wrap 1', 235.30, 'Bebida'),
(147, 'Burrito 3', 406.89, 'Bebida'),
(148, 'Burrito 5', 74.28, 'Bebida'),
(149, 'Pizza 1', 438.30, 'Comida'),
(150, 'Ensalada 2', 68.54, 'Postre'),
(151, 'Hamburguesa 1', 91.26, 'Postre'),
(152, 'Pasta 1', 335.89, 'Postre'),
(153, 'Pizza 4', 363.23, 'Comida'),
(154, 'Sandwich 4', 430.25, 'Comida'),
(155, 'Hot Dog 5', 393.29, 'Postre'),
(156, 'Burrito 2', 131.09, 'Postre'),
(157, 'Burrito 4', 207.60, 'Bebida'),
(158, 'Sandwich 5', 362.93, 'Comida'),
(159, 'Sushi 5', 469.25, 'Comida'),
(160, 'Taco 4', 315.09, 'Comida'),
(161, 'Pizza 1', 76.07, 'Bebida'),
(162, 'Burrito 5', 172.33, 'Comida'),
(163, 'Sandwich 1', 255.21, 'Bebida'),
(164, 'Sushi 2', 63.90, 'Comida'),
(165, 'Wrap 5', 175.91, 'Postre'),
(166, 'Sushi 4', 491.96, 'Comida'),
(167, 'Pasta 3', 340.47, 'Comida'),
(168, 'Taco 5', 318.22, 'Comida'),
(169, 'Taco 2', 405.57, 'Postre'),
(170, 'Sushi 1', 270.81, 'Comida'),
(171, 'Hamburguesa 5', 76.35, 'Bebida'),
(172, 'Wrap 1', 428.57, 'Bebida'),
(173, 'Hot Dog 3', 108.47, 'Postre'),
(174, 'Pasta 5', 420.42, 'Comida'),
(175, 'Sushi 3', 316.84, 'Comida'),
(176, 'Burrito 3', 256.81, 'Postre'),
(177, 'Sandwich 3', 273.44, 'Bebida'),
(178, 'Pizza 3', 281.31, 'Bebida'),
(179, 'Burrito 3', 157.41, 'Comida'),
(180, 'Pasta 2', 206.03, 'Comida'),
(181, 'Pizza 2', 294.99, 'Postre'),
(182, 'Ensalada 3', 206.40, 'Comida'),
(183, 'Pizza 3', 160.93, 'Comida'),
(184, 'Sandwich 1', 247.11, 'Postre'),
(185, 'Pizza 2', 250.33, 'Comida'),
(186, 'Sandwich 3', 491.56, 'Bebida'),
(187, 'Sandwich 2', 293.58, 'Bebida'),
(188, 'Taco 1', 137.93, 'Comida'),
(189, 'Pizza 1', 188.97, 'Bebida'),
(190, 'Pasta 2', 417.26, 'Comida'),
(191, 'Pasta 1', 285.53, 'Postre'),
(192, 'Burrito 2', 397.34, 'Postre'),
(193, 'Ensalada 5', 375.45, 'Postre'),
(194, 'Taco 2', 327.36, 'Bebida'),
(195, 'Taco 3', 410.32, 'Comida'),
(196, 'Sushi 1', 295.70, 'Comida'),
(197, 'Burrito 5', 381.28, 'Comida'),
(198, 'Ensalada 1', 399.27, 'Comida'),
(199, 'Pizza 5', 343.63, 'Bebida'),
(200, 'Taco 4', 223.24, 'Bebida');


-- Tabla: Pedidos
INSERT INTO `Pedidos` (`id_pedido`, `id_cliente`, `id_sucursal`, `fecha_pedido`, `total`, `metodo_pago`, `id_empleado`)
VALUES
(1, 477, 12, '2023-02-17', 638.05, 'Efectivo', 409),
(2, 471, 2, '2023-03-03', 625.53, 'Efectivo', 426),
(3, 283, 19, '2023-03-04', 530.29, 'Efectivo', 411),
(4, 41, 17, '2023-04-28', 923.62, 'Tarjeta', 172),
(5, 444, 4, '2023-02-25', 307.58, 'Efectivo', 490),
(6, 236, 10, '2023-01-18', 357.33, 'Tarjeta', 59),
(7, 303, 3, '2023-08-24', 275.34, 'Efectivo', 289),
(8, 79, 13, '2023-06-20', 760.65, 'Tarjeta', 395),
(9, 31, 5, '2023-01-27', 738.25, 'Efectivo', 112),
(10, 368, 16, '2023-10-04', 832.22, 'Efectivo', 476),
(11, 137, 4, '2023-06-10', 301.14, 'Tarjeta', 88),
(12, 470, 17, '2023-11-05', 750.21, 'Efectivo', 329),
(13, 292, 4, '2023-04-28', 125.31, 'Efectivo', 153),
(14, 475, 20, '2023-02-03', 605.62, 'Efectivo', 61),
(15, 404, 4, '2023-11-08', 238.17, 'Tarjeta', 372),
(16, 143, 4, '2023-03-17', 844.98, 'Tarjeta', 199),
(17, 279, 2, '2023-07-06', 287.28, 'Tarjeta', 197),
(18, 385, 7, '2023-04-06', 254.09, 'Efectivo', 395),
(19, 156, 13, '2023-01-01', 479.36, 'Efectivo', 236),
(20, 470, 14, '2023-11-26', 781.96, 'Efectivo', 292),
(21, 88, 8, '2023-11-28', 557.98, 'Tarjeta', 53),
(22, 311, 1, '2023-07-24', 551.38, 'Efectivo', 93),
(23, 59, 12, '2023-04-14', 978.98, 'Efectivo', 367),
(24, 97, 16, '2023-11-23', 133.49, 'Tarjeta', 291),
(25, 168, 20, '2023-04-03', 453.31, 'Tarjeta', 305),
(26, 231, 5, '2023-06-22', 128.63, 'Efectivo', 29),
(27, 131, 14, '2023-04-05', 724.34, 'Efectivo', 38),
(28, 228, 13, '2023-08-28', 277.09, 'Efectivo', 147),
(29, 374, 2, '2023-06-03', 350.29, 'Efectivo', 351),
(30, 247, 20, '2023-10-16', 135.56, 'Efectivo', 361),
(31, 257, 5, '2023-10-03', 963.55, 'Efectivo', 386),
(32, 101, 7, '2023-01-02', 585.05, 'Efectivo', 379),
(33, 372, 9, '2023-01-26', 725.93, 'Efectivo', 490),
(34, 411, 17, '2023-01-01', 156.82, 'Tarjeta', 399),
(35, 266, 8, '2023-07-11', 993.29, 'Tarjeta', 445),
(36, 397, 18, '2023-05-28', 947.05, 'Tarjeta', 355),
(37, 206, 8, '2023-06-19', 696.58, 'Efectivo', 322),
(38, 296, 13, '2023-09-15', 429.30, 'Efectivo', 466),
(39, 166, 10, '2023-11-04', 207.12, 'Efectivo', 370),
(40, 115, 17, '2023-03-11', 940.71, 'Efectivo', 412),
(41, 370, 1, '2023-11-26', 868.52, 'Efectivo', 467),
(42, 74, 17, '2023-06-25', 815.15, 'Efectivo', 89),
(43, 151, 6, '2023-06-01', 324.91, 'Tarjeta', 477),
(44, 449, 4, '2023-03-24', 666.52, 'Tarjeta', 351),
(45, 142, 18, '2023-06-19', 499.75, 'Tarjeta', 471),
(46, 273, 19, '2023-07-25', 146.24, 'Efectivo', 73),
(47, 428, 4, '2023-05-15', 992.85, 'Efectivo', 139),
(48, 400, 5, '2023-12-28', 163.24, 'Tarjeta', 105),
(49, 18, 7, '2023-10-11', 738.87, 'Efectivo', 117),
(50, 128, 8, '2023-02-12', 401.29, 'Efectivo', 30),
(51, 486, 13, '2023-11-14', 376.19, 'Efectivo', 241),
(52, 355, 12, '2023-11-20', 235.70, 'Efectivo', 284),
(53, 301, 17, '2023-08-04', 875.29, 'Efectivo', 473),
(54, 259, 13, '2023-10-27', 939.76, 'Tarjeta', 20),
(55, 201, 15, '2023-09-02', 892.96, 'Tarjeta', 123),
(56, 389, 16, '2023-10-03', 805.52, 'Tarjeta', 434),
(57, 9, 20, '2023-08-02', 373.34, 'Tarjeta', 332),
(58, 120, 10, '2023-10-18', 155.62, 'Efectivo', 303),
(59, 94, 4, '2023-07-24', 377.99, 'Tarjeta', 422),
(60, 339, 13, '2023-08-06', 338.35, 'Efectivo', 173),
(61, 443, 16, '2023-03-05', 678.05, 'Tarjeta', 402),
(62, 54, 15, '2023-06-25', 478.39, 'Tarjeta', 346),
(63, 195, 10, '2023-06-25', 636.65, 'Tarjeta', 287),
(64, 275, 7, '2023-09-26', 706.40, 'Tarjeta', 255),
(65, 448, 14, '2023-03-19', 277.80, 'Tarjeta', 494),
(66, 428, 12, '2023-01-24', 752.91, 'Efectivo', 284),
(67, 460, 4, '2023-07-16', 434.55, 'Efectivo', 63),
(68, 46, 14, '2023-05-18', 493.87, 'Efectivo', 52),
(69, 82, 6, '2023-12-04', 924.75, 'Tarjeta', 11),
(70, 94, 16, '2023-11-25', 951.19, 'Tarjeta', 14),
(71, 143, 12, '2023-07-02', 401.06, 'Tarjeta', 9),
(72, 395, 11, '2023-09-24', 755.77, 'Efectivo', 117),
(73, 395, 8, '2023-01-14', 441.59, 'Efectivo', 9),
(74, 415, 16, '2023-05-28', 106.78, 'Efectivo', 54),
(75, 231, 13, '2023-03-22', 948.87, 'Efectivo', 426),
(76, 178, 18, '2023-12-07', 208.79, 'Tarjeta', 188),
(77, 229, 9, '2023-10-17', 397.07, 'Tarjeta', 78),
(78, 448, 9, '2023-06-19', 959.68, 'Efectivo', 425),
(79, 316, 4, '2023-08-14', 393.76, 'Efectivo', 312),
(80, 335, 6, '2023-05-09', 221.66, 'Tarjeta', 215),
(81, 395, 19, '2023-03-23', 264.00, 'Tarjeta', 388),
(82, 249, 3, '2023-10-23', 764.28, 'Tarjeta', 414),
(83, 407, 20, '2023-09-20', 264.00, 'Tarjeta', 195),
(84, 299, 5, '2023-01-24', 988.76, 'Tarjeta', 467),
(85, 176, 8, '2023-08-24', 872.50, 'Tarjeta', 353),
(86, 129, 18, '2023-12-24', 578.82, 'Tarjeta', 4),
(87, 116, 15, '2023-07-09', 713.18, 'Efectivo', 59),
(88, 398, 11, '2023-07-22', 651.09, 'Tarjeta', 90),
(89, 373, 7, '2023-12-26', 974.28, 'Tarjeta', 492),
(90, 21, 4, '2023-10-01', 188.06, 'Efectivo', 137),
(91, 109, 14, '2023-02-15', 986.77, 'Efectivo', 269),
(92, 347, 13, '2023-12-10', 733.37, 'Efectivo', 140),
(93, 226, 3, '2023-05-09', 274.21, 'Efectivo', 23),
(94, 330, 13, '2023-12-28', 222.42, 'Efectivo', 217),
(95, 332, 11, '2023-10-25', 836.51, 'Tarjeta', 167),
(96, 241, 1, '2023-12-20', 181.60, 'Efectivo', 100),
(97, 122, 8, '2023-07-23', 591.55, 'Efectivo', 303),
(98, 292, 7, '2023-06-06', 411.67, 'Tarjeta', 95),
(99, 446, 8, '2023-04-15', 304.95, 'Tarjeta', 28),
(100, 385, 10, '2023-01-17', 892.32, 'Efectivo', 283),
(101, 482, 14, '2023-05-07', 280.91, 'Efectivo', 59),
(102, 375, 7, '2023-11-07', 343.11, 'Tarjeta', 378),
(103, 153, 12, '2023-01-15', 448.38, 'Tarjeta', 488),
(104, 132, 5, '2023-06-14', 465.21, 'Efectivo', 438),
(105, 305, 12, '2023-06-11', 441.25, 'Tarjeta', 220),
(106, 173, 17, '2023-10-22', 563.75, 'Tarjeta', 412),
(107, 265, 11, '2023-12-14', 290.77, 'Efectivo', 267),
(108, 498, 12, '2023-04-22', 154.04, 'Tarjeta', 335),
(109, 381, 11, '2023-10-04', 940.33, 'Efectivo', 3),
(110, 162, 8, '2023-12-08', 152.81, 'Tarjeta', 246),
(111, 73, 3, '2023-04-21', 736.74, 'Efectivo', 474),
(112, 69, 1, '2023-11-22', 801.04, 'Tarjeta', 237),
(113, 193, 9, '2023-10-17', 577.92, 'Tarjeta', 204),
(114, 386, 16, '2023-02-03', 293.12, 'Tarjeta', 432),
(115, 162, 4, '2023-04-13', 530.01, 'Efectivo', 27),
(116, 341, 12, '2023-12-12', 294.12, 'Tarjeta', 246),
(117, 444, 14, '2023-09-25', 246.45, 'Efectivo', 161),
(118, 282, 20, '2023-09-06', 969.42, 'Tarjeta', 239),
(119, 228, 17, '2023-08-08', 697.42, 'Efectivo', 240),
(120, 475, 20, '2023-01-13', 794.22, 'Efectivo', 434),
(121, 78, 11, '2023-11-10', 994.86, 'Efectivo', 53),
(122, 212, 3, '2023-12-19', 940.11, 'Efectivo', 259),
(123, 211, 15, '2023-09-13', 739.84, 'Tarjeta', 140),
(124, 415, 4, '2023-01-13', 590.80, 'Tarjeta', 359),
(125, 21, 6, '2023-12-28', 284.82, 'Efectivo', 210),
(126, 111, 7, '2023-10-23', 400.85, 'Efectivo', 187),
(127, 477, 4, '2023-12-06', 677.10, 'Tarjeta', 49),
(128, 314, 14, '2023-05-21', 411.43, 'Efectivo', 201),
(129, 159, 18, '2023-11-07', 383.30, 'Efectivo', 333),
(130, 309, 10, '2023-03-19', 194.80, 'Tarjeta', 340),
(131, 213, 12, '2023-01-25', 761.19, 'Tarjeta', 131),
(132, 107, 17, '2023-04-08', 812.67, 'Tarjeta', 393),
(133, 70, 12, '2023-10-24', 569.28, 'Efectivo', 404),
(134, 269, 15, '2023-01-03', 924.61, 'Efectivo', 270),
(135, 65, 20, '2023-02-17', 963.76, 'Tarjeta', 490),
(136, 320, 7, '2023-03-19', 602.85, 'Efectivo', 134),
(137, 132, 7, '2023-11-17', 708.19, 'Efectivo', 336),
(138, 10, 9, '2023-09-15', 808.82, 'Efectivo', 375),
(139, 102, 9, '2023-06-18', 921.69, 'Efectivo', 216),
(140, 211, 17, '2023-12-11', 101.86, 'Efectivo', 223),
(141, 207, 2, '2023-09-24', 465.80, 'Efectivo', 338),
(142, 13, 11, '2023-01-23', 727.41, 'Efectivo', 210),
(143, 316, 15, '2023-06-25', 699.11, 'Efectivo', 97),
(144, 63, 20, '2023-11-01', 148.82, 'Efectivo', 57),
(145, 500, 15, '2023-06-17', 573.91, 'Tarjeta', 193),
(146, 490, 11, '2023-12-21', 387.75, 'Tarjeta', 480),
(147, 10, 17, '2023-07-26', 792.11, 'Efectivo', 295),
(148, 106, 6, '2023-01-02', 570.35, 'Tarjeta', 164),
(149, 177, 11, '2023-01-08', 872.94, 'Tarjeta', 8),
(150, 477, 17, '2023-07-01', 204.47, 'Tarjeta', 154),
(151, 214, 12, '2023-11-07', 445.28, 'Efectivo', 89),
(152, 417, 13, '2023-10-17', 152.22, 'Efectivo', 430),
(153, 196, 16, '2023-03-11', 207.38, 'Tarjeta', 153),
(154, 163, 19, '2023-09-25', 630.93, 'Efectivo', 6),
(155, 101, 5, '2023-03-06', 196.82, 'Tarjeta', 54),
(156, 206, 5, '2023-08-28', 338.29, 'Efectivo', 135),
(157, 258, 18, '2023-02-16', 562.86, 'Efectivo', 159),
(158, 5, 14, '2023-06-22', 847.03, 'Tarjeta', 365),
(159, 180, 4, '2023-03-09', 796.64, 'Tarjeta', 247),
(160, 175, 15, '2023-07-22', 733.52, 'Efectivo', 139),
(161, 184, 3, '2023-05-21', 880.58, 'Efectivo', 491),
(162, 136, 17, '2023-04-20', 140.37, 'Efectivo', 8),
(163, 386, 12, '2023-02-26', 962.69, 'Tarjeta', 84),
(164, 383, 6, '2023-10-08', 423.13, 'Tarjeta', 490),
(165, 200, 7, '2023-03-08', 487.08, 'Efectivo', 158),
(166, 455, 17, '2023-05-02', 100.75, 'Tarjeta', 394),
(167, 34, 15, '2023-03-27', 707.87, 'Tarjeta', 414),
(168, 296, 8, '2023-03-17', 229.55, 'Efectivo', 474),
(169, 100, 11, '2023-10-26', 446.70, 'Efectivo', 173),
(170, 312, 17, '2023-02-08', 565.70, 'Tarjeta', 405),
(171, 444, 9, '2023-02-25', 614.98, 'Efectivo', 407),
(172, 385, 10, '2023-01-17', 406.71, 'Efectivo', 53),
(173, 166, 4, '2023-06-13', 834.26, 'Tarjeta', 259),
(174, 243, 1, '2023-06-27', 501.78, 'Efectivo', 390),
(175, 161, 16, '2023-04-24', 647.26, 'Efectivo', 167),
(176, 30, 17, '2023-04-10', 423.11, 'Tarjeta', 11),
(177, 66, 11, '2023-07-13', 953.20, 'Tarjeta', 381),
(178, 433, 6, '2023-10-08', 301.37, 'Efectivo', 177),
(179, 190, 11, '2023-09-15', 326.63, 'Tarjeta', 350),
(180, 300, 5, '2023-08-24', 706.29, 'Efectivo', 109),
(181, 262, 19, '2023-01-07', 286.91, 'Tarjeta', 487),
(182, 270, 7, '2023-10-04', 445.38, 'Tarjeta', 456),
(183, 118, 12, '2023-04-05', 252.56, 'Tarjeta', 285),
(184, 147, 10, '2023-11-10', 555.70, 'Tarjeta', 347),
(185, 418, 8, '2023-07-01', 606.37, 'Efectivo', 354),
(186, 369, 17, '2023-04-28', 562.47, 'Tarjeta', 284),
(187, 170, 14, '2023-12-10', 930.83, 'Tarjeta', 11),
(188, 471, 15, '2023-11-28', 990.70, 'Efectivo', 143),
(189, 453, 14, '2023-06-01', 874.03, 'Efectivo', 389),
(190, 374, 5, '2023-02-04', 287.51, 'Efectivo', 164),
(191, 37, 2, '2023-06-08', 666.04, 'Efectivo', 90),
(192, 333, 14, '2023-03-14', 795.21, 'Efectivo', 337),
(193, 310, 15, '2023-05-19', 666.12, 'Efectivo', 192),
(194, 415, 13, '2023-06-18', 606.63, 'Tarjeta', 159),
(195, 34, 9, '2023-08-05', 797.48, 'Efectivo', 297),
(196, 233, 18, '2023-02-18', 633.93, 'Efectivo', 293),
(197, 191, 9, '2023-07-13', 542.56, 'Tarjeta', 331),
(198, 342, 18, '2023-10-26', 485.35, 'Tarjeta', 238),
(199, 205, 14, '2023-11-26', 838.30, 'Tarjeta', 231),
(200, 66, 3, '2023-04-14', 778.14, 'Efectivo', 261),
(201, 26, 8, '2023-04-10', 342.75, 'Tarjeta', 63),
(202, 467, 19, '2023-07-26', 706.74, 'Efectivo', 264),
(203, 121, 3, '2023-10-01', 931.51, 'Tarjeta', 265),
(204, 433, 8, '2023-01-09', 511.95, 'Efectivo', 237),
(205, 347, 8, '2023-02-20', 733.95, 'Efectivo', 41),
(206, 432, 6, '2023-06-24', 225.56, 'Tarjeta', 358),
(207, 119, 18, '2023-12-22', 205.11, 'Tarjeta', 148),
(208, 336, 18, '2023-01-02', 864.20, 'Efectivo', 29),
(209, 337, 1, '2023-12-11', 475.92, 'Efectivo', 276),
(210, 206, 18, '2023-06-16', 857.68, 'Tarjeta', 306),
(211, 462, 2, '2023-12-18', 132.45, 'Efectivo', 37),
(212, 62, 19, '2023-12-20', 133.10, 'Tarjeta', 241),
(213, 56, 8, '2023-02-24', 889.70, 'Efectivo', 308),
(214, 54, 8, '2023-11-05', 441.83, 'Tarjeta', 237),
(215, 189, 20, '2023-12-08', 399.99, 'Tarjeta', 291),
(216, 96, 8, '2023-01-07', 835.57, 'Tarjeta', 333),
(217, 68, 1, '2023-01-06', 675.43, 'Tarjeta', 191),
(218, 495, 20, '2023-06-06', 854.95, 'Tarjeta', 432),
(219, 109, 2, '2023-07-04', 761.37, 'Tarjeta', 415),
(220, 414, 15, '2023-05-20', 174.88, 'Efectivo', 97),
(221, 380, 17, '2023-09-28', 310.57, 'Efectivo', 423),
(222, 251, 16, '2023-02-14', 504.70, 'Tarjeta', 481),
(223, 180, 9, '2023-07-01', 651.32, 'Efectivo', 337),
(224, 132, 6, '2023-02-08', 430.82, 'Efectivo', 389),
(225, 317, 1, '2023-09-11', 543.85, 'Tarjeta', 143),
(226, 118, 4, '2023-01-14', 574.22, 'Efectivo', 143),
(227, 384, 5, '2023-06-01', 527.72, 'Tarjeta', 218),
(228, 14, 9, '2023-09-14', 156.55, 'Efectivo', 211),
(229, 27, 1, '2023-01-13', 659.61, 'Efectivo', 146),
(230, 75, 12, '2023-08-28', 827.01, 'Efectivo', 41),
(231, 282, 9, '2023-08-14', 192.51, 'Efectivo', 159),
(232, 251, 12, '2023-09-27', 808.30, 'Tarjeta', 188),
(233, 487, 14, '2023-02-12', 561.39, 'Efectivo', 168),
(234, 46, 6, '2023-03-07', 981.49, 'Efectivo', 32),
(235, 104, 12, '2023-01-26', 468.29, 'Tarjeta', 229),
(236, 481, 14, '2023-03-23', 609.47, 'Tarjeta', 299),
(237, 56, 7, '2023-06-26', 298.30, 'Tarjeta', 256),
(238, 16, 8, '2023-06-26', 761.34, 'Efectivo', 338),
(239, 462, 4, '2023-09-18', 467.05, 'Efectivo', 55),
(240, 172, 11, '2023-11-09', 928.60, 'Efectivo', 464),
(241, 333, 9, '2023-10-17', 421.83, 'Efectivo', 173),
(242, 479, 7, '2023-07-21', 339.41, 'Tarjeta', 286),
(243, 104, 9, '2023-11-19', 439.51, 'Efectivo', 495),
(244, 172, 15, '2023-07-03', 924.58, 'Tarjeta', 168),
(245, 368, 7, '2023-10-13', 647.21, 'Efectivo', 117),
(246, 18, 12, '2023-12-16', 655.99, 'Efectivo', 284),
(247, 313, 19, '2023-08-19', 611.45, 'Efectivo', 126),
(248, 25, 6, '2023-07-16', 788.30, 'Efectivo', 48),
(249, 272, 1, '2023-04-15', 979.45, 'Tarjeta', 211),
(250, 46, 4, '2023-07-02', 643.92, 'Efectivo', 230),
(251, 150, 17, '2023-04-22', 940.70, 'Tarjeta', 449),
(252, 453, 8, '2023-10-09', 286.01, 'Efectivo', 254),
(253, 207, 2, '2023-03-27', 640.58, 'Tarjeta', 58),
(254, 139, 12, '2023-08-24', 998.99, 'Efectivo', 232),
(255, 309, 11, '2023-04-21', 284.21, 'Tarjeta', 319),
(256, 128, 17, '2023-06-22', 956.29, 'Efectivo', 422),
(257, 134, 7, '2023-06-18', 944.98, 'Efectivo', 321),
(258, 143, 9, '2023-10-04', 861.52, 'Efectivo', 397),
(259, 301, 12, '2023-04-27', 749.68, 'Efectivo', 98),
(260, 160, 11, '2023-11-25', 855.61, 'Efectivo', 215),
(261, 122, 10, '2023-07-27', 286.32, 'Efectivo', 26),
(262, 173, 4, '2023-03-18', 342.42, 'Efectivo', 44),
(263, 229, 12, '2023-01-23', 946.19, 'Tarjeta', 72),
(264, 300, 5, '2023-12-24', 147.62, 'Efectivo', 75),
(265, 18, 8, '2023-06-18', 538.68, 'Efectivo', 223),
(266, 398, 7, '2023-11-07', 624.48, 'Efectivo', 130),
(267, 261, 20, '2023-03-06', 917.81, 'Tarjeta', 479),
(268, 172, 2, '2023-10-19', 539.72, 'Efectivo', 360),
(269, 1, 9, '2023-03-28', 214.79, 'Tarjeta', 402),
(270, 48, 16, '2023-11-11', 273.53, 'Tarjeta', 155),
(271, 74, 7, '2023-01-23', 814.46, 'Efectivo', 447),
(272, 365, 12, '2023-05-09', 370.21, 'Efectivo', 414),
(273, 19, 3, '2023-10-22', 878.65, 'Tarjeta', 129),
(274, 171, 19, '2023-09-11', 188.03, 'Tarjeta', 462),
(275, 134, 18, '2023-12-12', 706.82, 'Efectivo', 336),
(276, 435, 10, '2023-01-21', 220.38, 'Efectivo', 500),
(277, 329, 15, '2023-10-26', 713.25, 'Tarjeta', 79),
(278, 26, 17, '2023-11-28', 156.57, 'Tarjeta', 39),
(279, 43, 17, '2023-08-26', 353.20, 'Efectivo', 338),
(280, 126, 8, '2023-03-28', 829.53, 'Efectivo', 13),
(281, 495, 5, '2023-10-15', 802.50, 'Tarjeta', 241),
(282, 112, 19, '2023-10-12', 886.97, 'Efectivo', 463),
(283, 321, 5, '2023-12-28', 491.40, 'Efectivo', 79),
(284, 495, 2, '2023-05-06', 282.16, 'Tarjeta', 221),
(285, 425, 13, '2023-12-08', 814.71, 'Tarjeta', 284),
(286, 239, 12, '2023-03-21', 488.33, 'Efectivo', 311),
(287, 350, 8, '2023-01-04', 614.31, 'Efectivo', 229),
(288, 256, 20, '2023-01-26', 166.28, 'Tarjeta', 20),
(289, 136, 16, '2023-05-14', 528.84, 'Tarjeta', 317),
(290, 49, 6, '2023-04-07', 997.61, 'Efectivo', 228),
(291, 177, 2, '2023-08-09', 433.03, 'Tarjeta', 400),
(292, 429, 2, '2023-09-07', 948.91, 'Tarjeta', 387),
(293, 116, 10, '2023-04-14', 366.18, 'Efectivo', 72),
(294, 314, 5, '2023-07-06', 686.39, 'Tarjeta', 319),
(295, 258, 18, '2023-09-06', 703.22, 'Efectivo', 1),
(296, 124, 15, '2023-02-14', 191.00, 'Efectivo', 24),
(297, 9, 20, '2023-11-08', 949.96, 'Efectivo', 110),
(298, 285, 7, '2023-10-21', 955.43, 'Efectivo', 91),
(299, 367, 13, '2023-08-11', 862.70, 'Tarjeta', 386),
(300, 138, 16, '2023-08-03', 243.52, 'Efectivo', 477),
(301, 373, 10, '2023-09-10', 106.24, 'Efectivo', 474),
(302, 171, 17, '2023-02-02', 669.04, 'Efectivo', 21),
(303, 385, 1, '2023-11-01', 785.85, 'Efectivo', 14),
(304, 91, 13, '2023-05-21', 529.68, 'Tarjeta', 209),
(305, 150, 5, '2023-07-08', 517.83, 'Tarjeta', 65),
(306, 200, 4, '2023-10-03', 130.79, 'Tarjeta', 478),
(307, 65, 4, '2023-03-05', 706.53, 'Tarjeta', 388),
(308, 459, 17, '2023-08-23', 444.35, 'Efectivo', 63),
(309, 208, 13, '2023-03-22', 743.30, 'Efectivo', 140),
(310, 293, 8, '2023-05-06', 427.12, 'Tarjeta', 84),
(311, 395, 5, '2023-01-24', 359.57, 'Tarjeta', 463),
(312, 126, 8, '2023-03-17', 637.35, 'Tarjeta', 23),
(313, 118, 4, '2023-11-06', 154.87, 'Tarjeta', 172),
(314, 140, 8, '2023-09-28', 537.53, 'Tarjeta', 413),
(315, 317, 17, '2023-12-24', 776.02, 'Efectivo', 163),
(316, 2, 15, '2023-09-06', 381.26, 'Efectivo', 498),
(317, 50, 20, '2023-08-04', 811.09, 'Efectivo', 329),
(318, 297, 8, '2023-12-23', 381.97, 'Tarjeta', 86),
(319, 192, 7, '2023-07-06', 115.34, 'Tarjeta', 152),
(320, 224, 19, '2023-01-20', 157.44, 'Efectivo', 130),
(321, 77, 4, '2023-07-21', 186.15, 'Efectivo', 187),
(322, 383, 1, '2023-02-12', 153.44, 'Efectivo', 150),
(323, 93, 19, '2023-04-07', 618.91, 'Tarjeta', 290),
(324, 92, 18, '2023-02-06', 321.83, 'Efectivo', 272),
(325, 173, 4, '2023-07-19', 572.29, 'Efectivo', 113),
(326, 230, 6, '2023-08-03', 218.62, 'Tarjeta', 479),
(327, 250, 20, '2023-02-25', 805.57, 'Efectivo', 146),
(328, 152, 20, '2023-06-26', 949.49, 'Tarjeta', 221),
(329, 481, 19, '2023-10-23', 313.85, 'Efectivo', 276),
(330, 351, 20, '2023-03-28', 964.43, 'Efectivo', 414),
(331, 125, 3, '2023-06-16', 739.22, 'Tarjeta', 91),
(332, 484, 4, '2023-11-16', 802.96, 'Tarjeta', 227),
(333, 436, 15, '2023-12-07', 638.62, 'Efectivo', 337),
(334, 404, 13, '2023-02-26', 579.18, 'Tarjeta', 286),
(335, 205, 15, '2023-02-16', 108.18, 'Tarjeta', 300),
(336, 237, 6, '2023-10-16', 169.42, 'Efectivo', 234),
(337, 48, 8, '2023-04-19', 196.17, 'Efectivo', 485),
(338, 133, 20, '2023-08-17', 831.43, 'Efectivo', 485),
(339, 312, 7, '2023-06-24', 541.67, 'Tarjeta', 466),
(340, 303, 3, '2023-08-19', 403.23, 'Tarjeta', 141),
(341, 11, 17, '2023-11-06', 257.13, 'Tarjeta', 462),
(342, 204, 6, '2023-11-08', 966.93, 'Efectivo', 69),
(343, 195, 17, '2023-10-02', 568.66, 'Tarjeta', 397),
(344, 259, 1, '2023-09-04', 360.18, 'Efectivo', 237),
(345, 340, 18, '2023-07-02', 237.02, 'Efectivo', 292),
(346, 257, 13, '2023-07-12', 558.60, 'Efectivo', 316),
(347, 269, 4, '2023-01-21', 146.08, 'Efectivo', 128),
(348, 376, 20, '2023-09-08', 931.26, 'Tarjeta', 258),
(349, 173, 16, '2023-11-28', 916.83, 'Efectivo', 107),
(350, 342, 9, '2023-05-22', 779.48, 'Efectivo', 107),
(351, 44, 5, '2023-09-23', 506.43, 'Efectivo', 326),
(352, 242, 12, '2023-04-02', 305.03, 'Efectivo', 182),
(353, 114, 5, '2023-12-02', 244.08, 'Tarjeta', 451),
(354, 297, 13, '2023-07-10', 674.49, 'Tarjeta', 373),
(355, 205, 14, '2023-01-16', 372.79, 'Tarjeta', 265),
(356, 366, 7, '2023-05-08', 176.18, 'Efectivo', 27),
(357, 108, 10, '2023-07-22', 236.97, 'Efectivo', 62),
(358, 486, 7, '2023-08-09', 619.73, 'Efectivo', 64),
(359, 293, 17, '2023-12-20', 162.90, 'Tarjeta', 34),
(360, 197, 11, '2023-06-05', 618.94, 'Tarjeta', 184),
(361, 394, 2, '2023-11-10', 890.00, 'Efectivo', 52),
(362, 395, 20, '2023-01-05', 946.48, 'Efectivo', 388),
(363, 5, 17, '2023-03-25', 938.72, 'Efectivo', 86),
(364, 20, 7, '2023-09-23', 903.01, 'Tarjeta', 372),
(365, 341, 3, '2023-01-01', 355.23, 'Efectivo', 144),
(366, 247, 7, '2023-02-06', 684.84, 'Tarjeta', 138),
(367, 198, 4, '2023-04-28', 535.40, 'Efectivo', 33),
(368, 123, 5, '2023-09-14', 199.49, 'Tarjeta', 392),
(369, 270, 5, '2023-08-27', 784.47, 'Tarjeta', 94),
(370, 379, 12, '2023-04-23', 370.15, 'Tarjeta', 491),
(371, 53, 16, '2023-03-24', 358.12, 'Tarjeta', 218),
(372, 201, 4, '2023-11-11', 987.28, 'Efectivo', 153),
(373, 302, 15, '2023-04-23', 449.46, 'Tarjeta', 225),
(374, 324, 9, '2023-01-03', 444.32, 'Tarjeta', 140),
(375, 478, 6, '2023-06-07', 465.14, 'Tarjeta', 75),
(376, 71, 3, '2023-06-22', 616.74, 'Tarjeta', 334),
(377, 394, 8, '2023-09-03', 277.06, 'Efectivo', 236),
(378, 462, 20, '2023-03-19', 299.80, 'Efectivo', 68),
(379, 466, 12, '2023-12-25', 101.18, 'Tarjeta', 160),
(380, 352, 8, '2023-08-21', 282.26, 'Tarjeta', 116),
(381, 488, 9, '2023-10-26', 476.44, 'Tarjeta', 498),
(382, 357, 16, '2023-02-15', 675.97, 'Tarjeta', 103),
(383, 411, 16, '2023-07-28', 152.48, 'Tarjeta', 316),
(384, 483, 1, '2023-10-16', 774.44, 'Efectivo', 242),
(385, 447, 7, '2023-10-03', 708.39, 'Efectivo', 269),
(386, 230, 13, '2023-01-23', 132.75, 'Tarjeta', 71),
(387, 112, 15, '2023-07-28', 204.46, 'Efectivo', 219),
(388, 23, 7, '2023-10-06', 452.44, 'Efectivo', 113),
(389, 80, 16, '2023-07-18', 785.14, 'Efectivo', 81),
(390, 76, 2, '2023-04-18', 159.19, 'Efectivo', 169),
(391, 96, 17, '2023-04-27', 540.87, 'Efectivo', 393),
(392, 448, 4, '2023-01-06', 212.32, 'Efectivo', 198),
(393, 61, 13, '2023-06-05', 934.51, 'Tarjeta', 106),
(394, 411, 10, '2023-04-15', 449.58, 'Tarjeta', 271),
(395, 59, 8, '2023-09-07', 797.30, 'Tarjeta', 189),
(396, 430, 8, '2023-01-17', 595.24, 'Efectivo', 335),
(397, 71, 14, '2023-07-01', 540.68, 'Tarjeta', 82),
(398, 94, 9, '2023-11-25', 541.45, 'Efectivo', 323),
(399, 270, 13, '2023-12-08', 882.31, 'Efectivo', 332),
(400, 484, 20, '2023-10-12', 710.91, 'Tarjeta', 430),
(401, 412, 1, '2023-11-21', 704.37, 'Tarjeta', 402),
(402, 307, 9, '2023-11-20', 733.35, 'Tarjeta', 93),
(403, 323, 10, '2023-03-08', 328.19, 'Tarjeta', 44),
(404, 447, 1, '2023-07-20', 135.58, 'Efectivo', 483),
(405, 160, 2, '2023-12-21', 750.22, 'Tarjeta', 358),
(406, 53, 3, '2023-10-23', 662.77, 'Tarjeta', 465),
(407, 220, 3, '2023-08-21', 789.41, 'Efectivo', 454),
(408, 129, 10, '2023-10-21', 440.51, 'Tarjeta', 461),
(409, 320, 17, '2023-04-14', 500.64, 'Efectivo', 3),
(410, 187, 17, '2023-04-12', 677.44, 'Efectivo', 231),
(411, 320, 4, '2023-08-11', 469.15, 'Tarjeta', 481),
(412, 360, 9, '2023-11-08', 421.65, 'Tarjeta', 126),
(413, 241, 17, '2023-04-03', 393.53, 'Efectivo', 139),
(414, 482, 10, '2023-02-21', 307.10, 'Tarjeta', 405),
(415, 212, 6, '2023-08-06', 707.84, 'Tarjeta', 32),
(416, 479, 20, '2023-11-28', 685.36, 'Efectivo', 464),
(417, 360, 19, '2023-08-27', 806.94, 'Efectivo', 495),
(418, 356, 14, '2023-08-26', 974.25, 'Efectivo', 277),
(419, 461, 5, '2023-06-16', 623.87, 'Efectivo', 308),
(420, 34, 20, '2023-03-24', 969.09, 'Tarjeta', 112),
(421, 288, 20, '2023-12-17', 623.28, 'Efectivo', 435),
(422, 474, 3, '2023-02-23', 398.82, 'Efectivo', 44),
(423, 201, 20, '2023-06-12', 208.04, 'Efectivo', 288),
(424, 420, 5, '2023-10-02', 784.56, 'Efectivo', 275),
(425, 496, 11, '2023-06-23', 580.05, 'Efectivo', 236),
(426, 57, 20, '2023-09-10', 133.18, 'Tarjeta', 187),
(427, 328, 9, '2023-02-25', 212.61, 'Tarjeta', 111),
(428, 182, 7, '2023-04-28', 523.43, 'Tarjeta', 387),
(429, 490, 5, '2023-11-25', 631.90, 'Efectivo', 444),
(430, 66, 1, '2023-10-08', 219.94, 'Tarjeta', 205),
(431, 220, 12, '2023-11-27', 165.97, 'Tarjeta', 104),
(432, 235, 17, '2023-01-25', 399.21, 'Tarjeta', 367),
(433, 331, 16, '2023-04-21', 124.77, 'Efectivo', 197),
(434, 134, 17, '2023-06-07', 272.79, 'Tarjeta', 119),
(435, 81, 9, '2023-08-26', 276.00, 'Efectivo', 373),
(436, 358, 18, '2023-05-10', 473.66, 'Efectivo', 279),
(437, 274, 9, '2023-06-21', 775.77, 'Efectivo', 320),
(438, 480, 14, '2023-05-13', 896.58, 'Efectivo', 194),
(439, 345, 9, '2023-03-27', 985.05, 'Efectivo', 336),
(440, 350, 18, '2023-01-14', 161.53, 'Tarjeta', 153),
(441, 452, 14, '2023-10-02', 207.06, 'Tarjeta', 335),
(442, 258, 8, '2023-06-11', 259.87, 'Efectivo', 386),
(443, 365, 8, '2023-03-01', 733.99, 'Efectivo', 187),
(444, 415, 3, '2023-01-17', 800.16, 'Tarjeta', 278),
(445, 136, 8, '2023-02-21', 518.12, 'Tarjeta', 129),
(446, 399, 8, '2023-06-09', 680.93, 'Efectivo', 138),
(447, 478, 1, '2023-09-26', 782.38, 'Efectivo', 411),
(448, 33, 19, '2023-11-16', 621.60, 'Tarjeta', 267),
(449, 238, 14, '2023-08-12', 927.59, 'Efectivo', 213),
(450, 321, 8, '2023-08-04', 262.10, 'Tarjeta', 75),
(451, 18, 10, '2023-01-20', 984.85, 'Tarjeta', 162),
(452, 268, 19, '2023-03-18', 728.95, 'Tarjeta', 281),
(453, 110, 12, '2023-02-27', 291.04, 'Tarjeta', 238),
(454, 85, 2, '2023-06-03', 883.25, 'Tarjeta', 20),
(455, 300, 16, '2023-10-16', 432.13, 'Efectivo', 226),
(456, 330, 13, '2023-05-18', 475.28, 'Efectivo', 378),
(457, 150, 18, '2023-07-21', 952.46, 'Efectivo', 452),
(458, 396, 17, '2023-04-12', 681.16, 'Efectivo', 442),
(459, 162, 2, '2023-07-11', 121.35, 'Tarjeta', 477),
(460, 296, 4, '2023-07-07', 808.28, 'Tarjeta', 58),
(461, 379, 15, '2023-01-13', 181.17, 'Efectivo', 274),
(462, 206, 15, '2023-09-11', 858.40, 'Efectivo', 265),
(463, 30, 7, '2023-08-08', 855.35, 'Efectivo', 244),
(464, 86, 12, '2023-04-22', 169.95, 'Efectivo', 28),
(465, 185, 6, '2023-08-08', 238.75, 'Tarjeta', 154),
(466, 438, 6, '2023-07-16', 595.01, 'Efectivo', 184),
(467, 329, 10, '2023-05-17', 250.21, 'Tarjeta', 168),
(468, 121, 4, '2023-12-26', 191.47, 'Efectivo', 301),
(469, 405, 12, '2023-03-25', 909.62, 'Efectivo', 200),
(470, 175, 19, '2023-11-11', 120.25, 'Efectivo', 179),
(471, 167, 5, '2023-03-10', 966.72, 'Efectivo', 219),
(472, 108, 13, '2023-03-15', 546.91, 'Tarjeta', 197),
(473, 396, 12, '2023-08-22', 831.86, 'Efectivo', 93),
(474, 1, 6, '2023-05-18', 479.26, 'Tarjeta', 29),
(475, 197, 10, '2023-07-15', 454.98, 'Tarjeta', 494),
(476, 384, 19, '2023-02-10', 404.48, 'Efectivo', 5),
(477, 8, 19, '2023-07-26', 584.82, 'Efectivo', 265),
(478, 51, 5, '2023-03-06', 612.02, 'Tarjeta', 157),
(479, 55, 7, '2023-05-21', 538.58, 'Tarjeta', 296),
(480, 205, 4, '2023-01-03', 163.01, 'Efectivo', 324),
(481, 141, 15, '2023-07-10', 492.91, 'Tarjeta', 73),
(482, 392, 7, '2023-11-07', 336.52, 'Efectivo', 357),
(483, 1, 19, '2023-12-07', 709.00, 'Efectivo', 392),
(484, 185, 4, '2023-06-15', 865.17, 'Efectivo', 328),
(485, 298, 19, '2023-01-16', 516.16, 'Tarjeta', 149),
(486, 387, 10, '2023-08-23', 212.54, 'Tarjeta', 47),
(487, 186, 8, '2023-11-24', 447.74, 'Efectivo', 124),
(488, 200, 8, '2023-02-28', 342.54, 'Efectivo', 189),
(489, 485, 3, '2023-12-19', 244.57, 'Efectivo', 230),
(490, 234, 4, '2023-01-05', 501.31, 'Tarjeta', 225),
(491, 61, 8, '2023-11-26', 238.10, 'Tarjeta', 487),
(492, 21, 8, '2023-06-12', 812.48, 'Efectivo', 272),
(493, 145, 11, '2023-08-27', 892.61, 'Efectivo', 359),
(494, 470, 12, '2023-10-27', 643.35, 'Tarjeta', 28),
(495, 389, 9, '2023-11-08', 442.10, 'Tarjeta', 48),
(496, 491, 18, '2023-02-28', 758.47, 'Efectivo', 358),
(497, 98, 14, '2023-07-21', 786.44, 'Efectivo', 146),
(498, 498, 14, '2023-08-08', 924.45, 'Efectivo', 145),
(499, 362, 17, '2023-01-04', 184.37, 'Tarjeta', 435),
(500, 231, 5, '2023-10-09', 760.23, 'Efectivo', 335);


-- Tabla: Detalles_Pedidos
INSERT INTO `detallepedidos` (`id_pedido`, `id_producto`, `cantidad`, `precio_unitario`)
VALUES
(397, 88, 5, 131.83),
(387, 57, 1, 100.87),
(32, 17, 5, 363.58),
(183, 109, 2, 155.66),
(14, 154, 4, 55.81),
(406, 35, 2, 102.69),
(144, 171, 3, 161.00),
(301, 190, 2, 249.62),
(7, 172, 2, 442.55),
(160, 102, 1, 67.60),
(496, 103, 3, 282.68),
(446, 83, 1, 69.81),
(310, 6, 5, 101.45),
(314, 27, 4, 169.99),
(434, 96, 3, 277.24),
(254, 113, 4, 132.32),
(357, 90, 3, 215.43),
(166, 193, 2, 342.92),
(450, 24, 3, 174.17),
(236, 38, 4, 62.65),
(406, 27, 1, 366.71),
(366, 125, 3, 332.54),
(194, 123, 1, 303.76),
(435, 153, 3, 76.20),
(407, 74, 2, 230.95),
(266, 144, 1, 404.07),
(404, 188, 1, 56.80),
(345, 73, 4, 300.58),
(270, 148, 1, 478.51),
(7, 64, 3, 399.34),
(482, 188, 4, 190.47),
(283, 123, 5, 64.52),
(137, 75, 3, 401.37),
(296, 18, 1, 306.48),
(106, 118, 5, 208.26),
(469, 57, 2, 94.02),
(69, 116, 4, 310.74),
(167, 15, 4, 306.30),
(479, 101, 1, 484.92),
(89, 5, 2, 344.99),
(277, 158, 1, 311.46),
(366, 70, 2, 354.33),
(140, 85, 4, 124.73),
(341, 30, 5, 348.03),
(38, 106, 2, 209.11),
(257, 97, 2, 77.13),
(321, 16, 5, 417.98),
(228, 73, 1, 396.76),
(459, 139, 1, 483.47),
(368, 155, 1, 429.26),
(412, 166, 5, 127.35),
(5, 149, 2, 195.07),
(129, 120, 3, 391.50),
(259, 195, 2, 201.88),
(196, 121, 4, 265.69),
(56, 74, 2, 247.44),
(416, 21, 3, 321.05),
(487, 84, 4, 224.35),
(120, 125, 2, 341.28),
(142, 187, 1, 134.33),
(453, 167, 1, 429.25),
(416, 124, 3, 485.38),
(435, 27, 3, 361.88),
(270, 53, 1, 462.84),
(32, 48, 4, 202.50),
(313, 153, 2, 357.37),
(336, 81, 4, 155.31),
(103, 174, 2, 264.47),
(297, 175, 4, 394.52),
(34, 58, 1, 177.93),
(392, 59, 3, 168.96),
(113, 159, 5, 443.69),
(353, 183, 3, 421.51),
(355, 168, 1, 330.54),
(385, 54, 2, 225.77),
(346, 126, 5, 486.71),
(481, 180, 4, 71.26),
(214, 44, 4, 476.26),
(126, 80, 3, 476.64),
(409, 25, 3, 104.35),
(304, 189, 5, 454.75),
(282, 93, 4, 321.80),
(385, 6, 4, 282.88),
(354, 154, 4, 388.19),
(88, 145, 1, 455.70),
(498, 168, 5, 334.48),
(46, 67, 5, 158.15),
(64, 194, 1, 190.65),
(176, 165, 1, 227.90),
(275, 171, 3, 206.89),
(499, 125, 4, 260.67),
(109, 76, 5, 131.53),
(382, 105, 4, 265.79),
(147, 125, 2, 233.50),
(140, 172, 2, 211.25),
(176, 100, 4, 197.51),
(434, 122, 1, 320.45),
(29, 11, 5, 458.54),
(451, 1, 5, 163.07),
(306, 46, 3, 486.49),
(89, 82, 1, 367.61),
(488, 172, 5, 286.67),
(383, 14, 1, 283.26),
(285, 117, 3, 430.70),
(186, 175, 4, 278.59),
(471, 40, 2, 421.31),
(408, 4, 3, 63.75),
(395, 35, 5, 343.33),
(402, 71, 5, 97.65),
(199, 61, 4, 406.72),
(321, 131, 5, 334.69),
(474, 125, 4, 417.07),
(347, 112, 2, 484.67),
(445, 132, 3, 76.23),
(396, 183, 4, 497.71),
(282, 23, 5, 177.10),
(356, 29, 5, 61.19),
(381, 124, 1, 176.41),
(403, 3, 5, 482.82),
(245, 192, 5, 226.05),
(88, 35, 3, 462.37),
(242, 21, 4, 456.23),
(318, 4, 4, 121.03),
(445, 199, 3, 253.37),
(148, 66, 2, 186.03),
(292, 159, 5, 194.85),
(142, 176, 4, 313.14),
(481, 108, 4, 317.58),
(392, 14, 5, 84.67),
(500, 69, 2, 499.35),
(193, 158, 2, 64.18),
(123, 104, 1, 266.25),
(334, 23, 2, 294.59),
(391, 110, 2, 314.68),
(254, 171, 4, 200.56),
(314, 27, 3, 428.29),
(356, 51, 3, 213.62),
(65, 6, 2, 331.73),
(57, 13, 1, 463.47),
(16, 113, 1, 463.73),
(450, 70, 3, 218.85),
(444, 171, 1, 138.51),
(106, 187, 2, 234.32),
(376, 164, 2, 326.25),
(223, 67, 5, 201.73),
(191, 32, 2, 458.60),
(405, 147, 2, 370.55),
(86, 94, 5, 214.51),
(157, 192, 4, 213.59),
(321, 81, 1, 237.28),
(256, 167, 5, 87.04),
(171, 7, 1, 106.19),
(44, 186, 3, 423.09),
(181, 139, 3, 205.05),
(155, 47, 4, 139.26),
(320, 79, 4, 455.71),
(147, 105, 1, 366.99),
(189, 195, 1, 497.70),
(331, 90, 4, 303.00),
(322, 173, 4, 144.26),
(7, 47, 3, 434.30),
(364, 83, 4, 227.48),
(299, 120, 5, 310.23),
(480, 68, 4, 388.60),
(315, 138, 3, 204.12),
(96, 168, 2, 306.64),
(171, 28, 5, 280.26),
(330, 139, 4, 461.21),
(62, 24, 4, 307.21),
(486, 23, 5, 93.47),
(164, 156, 4, 295.11),
(137, 45, 5, 117.38),
(279, 133, 2, 177.87),
(332, 11, 5, 133.78),
(195, 48, 5, 263.33),
(19, 169, 2, 392.44),
(121, 140, 3, 215.91),
(343, 98, 1, 395.22),
(184, 37, 2, 339.45),
(16, 198, 5, 171.65),
(345, 39, 2, 261.70),
(3, 153, 4, 458.59),
(355, 184, 5, 66.05),
(270, 154, 3, 106.93),
(482, 98, 1, 116.36),
(416, 57, 5, 198.03),
(483, 107, 1, 325.44),
(210, 133, 5, 394.51),
(132, 200, 4, 414.89),
(431, 114, 1, 206.23),
(230, 62, 1, 494.40),
(78, 109, 5, 136.96),
(498, 129, 1, 480.32),
(346, 24, 4, 171.76),
(87, 196, 3, 403.95),
(172, 110, 3, 161.38),
(184, 42, 4, 368.30),
(249, 28, 1, 136.99),
(158, 120, 4, 132.72),
(340, 2, 5, 270.47),
(466, 145, 5, 237.94),
(189, 7, 2, 168.87),
(283, 54, 3, 389.97),
(385, 121, 1, 261.19),
(444, 42, 1, 93.02),
(80, 118, 1, 427.43),
(337, 188, 4, 273.70),
(268, 33, 2, 417.24),
(130, 121, 2, 498.72),
(2, 40, 3, 205.11),
(267, 26, 3, 301.55),
(166, 153, 5, 341.12),
(276, 188, 5, 405.07),
(210, 21, 5, 473.25),
(202, 19, 1, 491.14),
(141, 164, 5, 134.15),
(18, 110, 5, 314.69),
(494, 61, 3, 375.94),
(428, 69, 5, 197.17),
(261, 171, 1, 87.20),
(341, 117, 1, 176.83),
(497, 115, 2, 253.08),
(410, 5, 5, 473.32),
(188, 81, 4, 86.25),
(489, 134, 1, 113.89),
(135, 164, 1, 123.63),
(486, 158, 5, 437.23),
(151, 16, 2, 251.58),
(137, 110, 5, 369.03),
(61, 81, 3, 430.28),
(153, 176, 2, 463.24),
(146, 29, 5, 395.26),
(279, 13, 1, 374.01),
(203, 70, 4, 332.36),
(260, 71, 2, 284.79),
(42, 65, 4, 278.15),
(106, 13, 3, 257.27),
(16, 49, 2, 276.53),
(27, 130, 2, 286.75),
(441, 12, 1, 218.11),
(295, 125, 1, 293.22),
(484, 111, 5, 261.67),
(167, 187, 5, 126.56),
(291, 126, 2, 197.36),
(220, 98, 5, 56.64),
(485, 98, 1, 315.88),
(359, 53, 5, 262.23),
(268, 67, 5, 185.15),
(315, 95, 4, 314.57),
(297, 195, 3, 86.35),
(73, 23, 1, 440.23),
(341, 172, 2, 267.34),
(206, 190, 4, 454.38),
(435, 168, 1, 190.52),
(302, 13, 4, 445.03),
(104, 138, 1, 280.83),
(342, 148, 4, 341.79),
(498, 144, 3, 225.98),
(14, 192, 4, 170.69),
(177, 108, 3, 166.62),
(198, 29, 2, 414.97),
(315, 22, 2, 427.35),
(104, 28, 4, 177.58),
(446, 161, 4, 341.21),
(378, 145, 4, 270.52),
(476, 163, 4, 98.28),
(46, 7, 4, 278.22),
(217, 158, 1, 347.83),
(279, 71, 4, 185.60),
(193, 109, 4, 245.21),
(433, 50, 4, 97.98),
(63, 189, 4, 196.42),
(227, 59, 4, 354.37),
(426, 118, 1, 478.95),
(263, 107, 4, 129.31),
(335, 62, 1, 445.97),
(50, 122, 1, 393.93),
(289, 63, 2, 211.80),
(160, 24, 2, 140.47),
(333, 56, 4, 480.17),
(306, 33, 2, 247.20),
(93, 75, 3, 255.43),
(250, 142, 4, 382.91),
(230, 130, 2, 378.67),
(81, 3, 2, 463.91),
(176, 82, 2, 364.63),
(420, 30, 3, 97.15),
(223, 71, 4, 143.15),
(221, 49, 1, 336.38),
(165, 9, 2, 178.12),
(276, 84, 4, 264.23),
(11, 126, 1, 300.39),
(337, 65, 3, 359.87),
(434, 153, 2, 478.86),
(351, 173, 1, 75.96),
(8, 54, 3, 441.08),
(142, 84, 1, 397.02),
(270, 174, 2, 496.17),
(240, 149, 2, 420.40),
(25, 174, 3, 389.07),
(255, 76, 2, 253.88),
(118, 128, 4, 294.21),
(428, 93, 3, 170.41),
(424, 171, 5, 143.75),
(306, 8, 3, 310.43),
(142, 104, 3, 120.22),
(388, 65, 3, 300.72),
(73, 63, 1, 198.35),
(1, 180, 2, 325.93),
(192, 175, 1, 302.11),
(407, 115, 5, 424.01),
(260, 156, 3, 260.13),
(246, 92, 4, 482.73),
(5, 165, 1, 67.27),
(492, 170, 3, 304.39),
(488, 60, 5, 254.54),
(176, 35, 1, 193.11),
(349, 135, 1, 322.15),
(431, 165, 2, 364.13),
(146, 97, 1, 478.03),
(311, 155, 4, 374.26),
(335, 189, 3, 266.23),
(225, 96, 2, 245.57),
(4, 140, 4, 426.42),
(72, 160, 2, 64.09),
(469, 6, 4, 256.47),
(388, 40, 5, 435.21),
(391, 193, 1, 105.49),
(89, 114, 5, 53.79),
(439, 104, 3, 98.75),
(99, 103, 2, 467.05),
(196, 25, 3, 291.14),
(186, 182, 2, 386.79),
(167, 4, 1, 239.49),
(17, 125, 3, 188.18),
(397, 46, 2, 271.78),
(345, 153, 3, 468.06),
(50, 75, 4, 379.32),
(272, 118, 3, 171.53),
(163, 25, 2, 55.88),
(429, 62, 4, 403.75),
(356, 176, 1, 472.73),
(178, 119, 5, 218.68),
(191, 139, 4, 337.67),
(183, 8, 4, 416.08),
(145, 2, 1, 204.87),
(182, 163, 1, 333.23),
(247, 188, 2, 488.53),
(324, 144, 3, 233.15),
(186, 129, 5, 198.88),
(285, 168, 4, 301.84),
(84, 111, 5, 249.39),
(498, 84, 1, 160.62),
(423, 131, 3, 213.30),
(320, 139, 5, 302.95),
(8, 150, 2, 276.67),
(196, 198, 2, 362.45),
(106, 54, 5, 270.75),
(453, 6, 1, 261.04),
(311, 135, 5, 267.16),
(132, 103, 4, 368.95),
(206, 68, 4, 326.24),
(37, 195, 3, 201.95),
(218, 117, 1, 65.82),
(373, 119, 3, 183.48),
(128, 169, 1, 423.57),
(300, 194, 1, 101.73),
(348, 92, 2, 200.26),
(146, 124, 5, 329.12),
(384, 155, 5, 144.38),
(238, 158, 4, 393.32),
(158, 136, 3, 425.32),
(97, 82, 3, 97.95),
(202, 1, 2, 241.29),
(442, 81, 4, 130.10),
(424, 127, 2, 101.79),
(223, 152, 1, 468.86),
(195, 132, 5, 336.36),
(488, 158, 2, 155.27),
(45, 194, 2, 161.08),
(357, 81, 5, 406.74),
(195, 39, 5, 332.43),
(282, 131, 4, 419.60),
(348, 143, 3, 476.24),
(10, 19, 2, 364.78),
(7, 74, 5, 337.58),
(77, 30, 4, 74.32),
(160, 107, 1, 485.57),
(401, 40, 3, 481.79),
(216, 75, 5, 287.41),
(259, 160, 3, 352.68),
(251, 178, 2, 213.68),
(408, 187, 1, 93.94),
(150, 71, 4, 334.46),
(218, 55, 2, 401.94),
(224, 105, 1, 438.17),
(494, 143, 4, 269.95),
(458, 132, 2, 282.72),
(492, 187, 4, 131.38),
(467, 55, 4, 315.13),
(400, 7, 1, 494.02),
(161, 63, 3, 491.98),
(61, 197, 1, 212.14),
(56, 165, 5, 89.90),
(14, 75, 4, 138.62),
(370, 177, 1, 459.35),
(127, 13, 5, 157.37),
(413, 180, 4, 451.78),
(302, 60, 1, 421.69),
(34, 91, 4, 325.71),
(446, 134, 1, 95.77),
(280, 127, 2, 280.24),
(15, 168, 3, 59.97),
(166, 19, 1, 422.21),
(356, 119, 3, 427.71),
(374, 33, 3, 216.66),
(271, 154, 1, 382.50),
(93, 101, 1, 425.67),
(214, 25, 1, 274.84),
(449, 154, 2, 247.05),
(367, 98, 4, 432.06),
(35, 73, 4, 184.19),
(8, 40, 1, 55.37),
(473, 186, 2, 165.17),
(495, 185, 3, 313.43),
(165, 141, 2, 492.30),
(19, 149, 5, 296.18),
(428, 127, 2, 288.36),
(372, 50, 3, 248.36),
(457, 24, 1, 108.31),
(305, 37, 2, 369.06),
(62, 25, 3, 360.49),
(240, 34, 1, 468.82),
(61, 78, 1, 320.21),
(89, 159, 3, 219.72),
(236, 107, 4, 88.85),
(338, 89, 5, 147.29),
(132, 180, 3, 189.11),
(191, 85, 4, 184.49),
(29, 88, 3, 470.95),
(215, 110, 3, 145.90),
(213, 53, 2, 295.02),
(170, 9, 1, 105.68),
(359, 196, 1, 199.64),
(95, 52, 1, 338.35),
(53, 88, 3, 261.50),
(10, 100, 2, 154.80),
(60, 156, 3, 473.31),
(273, 183, 3, 142.27),
(454, 29, 1, 217.74),
(24, 44, 3, 298.72),
(418, 95, 2, 222.37),
(320, 154, 5, 162.74),
(159, 19, 2, 146.50),
(192, 35, 4, 208.57),
(120, 80, 2, 135.92),
(108, 195, 2, 229.08),
(234, 115, 3, 449.37),
(17, 70, 5, 464.53),
(402, 151, 5, 314.28),
(452, 63, 1, 437.45),
(203, 12, 1, 88.50),
(388, 12, 3, 300.94),
(159, 188, 2, 494.65),
(356, 72, 1, 426.18),
(273, 66, 5, 386.77),
(383, 32, 5, 258.32),
(40, 142, 3, 360.71),
(417, 30, 4, 427.98),
(246, 16, 3, 220.89),
(497, 149, 3, 219.91),
(90, 62, 1, 305.13),
(152, 108, 2, 391.39),
(225, 129, 4, 454.12),
(174, 76, 1, 113.24),
(116, 42, 2, 308.36),
(357, 61, 1, 196.22),
(40, 90, 5, 321.04),
(173, 11, 1, 293.02),
(419, 36, 3, 306.44),
(173, 124, 5, 363.31),
(154, 151, 2, 160.81),
(196, 36, 5, 289.30),
(3, 116, 5, 381.24),
(75, 71, 1, 440.14),
(137, 95, 5, 180.20),
(40, 103, 4, 290.25),
(316, 14, 1, 61.15),
(399, 81, 1, 179.56),
(112, 38, 3, 80.36),
(188, 167, 2, 97.28),
(137, 159, 2, 260.77),
(449, 197, 2, 158.82),
(129, 141, 1, 101.73),
(177, 110, 1, 357.23),
(366, 10, 4, 179.79),
(18, 29, 1, 167.80),
(119, 19, 1, 248.13),
(171, 191, 1, 373.05),
(289, 150, 1, 235.12),
(335, 36, 4, 344.52),
(322, 138, 5, 162.87),
(64, 157, 4, 398.55),
(90, 22, 4, 493.07),
(94, 23, 4, 102.69),
(398, 146, 3, 212.32),
(327, 191, 1, 438.55),
(301, 150, 2, 291.56),
(453, 193, 2, 127.96),
(133, 4, 3, 236.39),
(381, 96, 1, 179.62),
(52, 154, 5, 235.59),
(214, 130, 4, 401.16),
(282, 87, 4, 419.20),
(229, 195, 2, 330.30),
(127, 55, 1, 360.73),
(169, 195, 2, 245.58),
(439, 49, 2, 58.46),
(129, 18, 4, 215.62),
(345, 178, 4, 215.62),
(176, 193, 4, 386.38),
(36, 136, 2, 81.62),
(368, 109, 4, 498.49),
(118, 165, 3, 273.52),
(183, 19, 4, 137.60),
(50, 161, 3, 347.95),
(308, 70, 1, 204.22),
(142, 24, 4, 221.09),
(245, 61, 5, 370.72),
(415, 176, 3, 459.00),
(466, 152, 5, 62.95),
(109, 138, 3, 493.04),
(130, 51, 2, 379.71),
(482, 97, 1, 324.67),
(155, 40, 2, 271.18),
(73, 40, 1, 186.10),
(423, 21, 5, 281.45),
(272, 157, 5, 305.95),
(27, 188, 3, 309.39),
(305, 75, 3, 326.51),
(208, 105, 5, 221.08),
(181, 151, 3, 383.65),
(14, 106, 3, 349.10),
(15, 190, 4, 243.67),
(145, 46, 3, 175.22),
(308, 98, 4, 396.75),
(20, 187, 4, 314.27),
(480, 69, 5, 217.98),
(316, 16, 5, 381.86),
(160, 9, 2, 307.77),
(215, 138, 3, 459.93),
(335, 138, 4, 449.60),
(216, 155, 3, 110.52),
(316, 136, 1, 498.50),
(63, 187, 4, 490.06),
(497, 40, 1, 285.36),
(23, 49, 1, 342.38),
(214, 189, 2, 340.11),
(39, 195, 2, 316.86),
(136, 185, 5, 112.03),
(226, 149, 2, 395.23),
(233, 88, 5, 258.38),
(498, 37, 5, 328.70),
(194, 79, 3, 210.52),
(97, 88, 1, 228.89),
(41, 22, 4, 447.95),
(73, 54, 4, 56.65),
(312, 134, 2, 196.04),
(57, 20, 5, 135.23),
(492, 193, 1, 395.93),
(67, 80, 5, 78.85),
(263, 144, 4, 431.70),
(75, 67, 5, 82.62),
(113, 199, 2, 370.26),
(28, 111, 4, 170.17),
(88, 196, 2, 83.56),
(231, 14, 2, 238.36),
(464, 121, 3, 488.50),
(17, 85, 4, 365.58),
(133, 65, 3, 289.06),
(8, 94, 3, 478.64),
(391, 145, 1, 366.24),
(42, 83, 4, 275.08),
(67, 35, 5, 448.74),
(34, 97, 3, 61.53),
(121, 50, 4, 390.58),
(269, 154, 3, 336.60),
(426, 68, 3, 168.74),
(115, 162, 1, 299.56),
(311, 101, 3, 123.06),
(425, 148, 4, 411.32),
(94, 175, 2, 326.29),
(287, 78, 1, 162.24),
(167, 149, 2, 419.08),
(431, 109, 2, 316.45),
(367, 126, 3, 473.05),
(10, 128, 2, 169.81),
(61, 50, 2, 412.08),
(205, 186, 4, 280.97),
(20, 197, 2, 467.06),
(334, 3, 1, 393.05),
(72, 65, 3, 463.53),
(13, 65, 4, 76.04),
(265, 62, 1, 265.86),
(415, 89, 5, 336.17),
(465, 78, 5, 476.16),
(131, 87, 4, 439.61),
(314, 52, 3, 403.04),
(329, 196, 2, 197.17),
(343, 162, 3, 75.47),
(178, 172, 1, 334.57),
(476, 132, 4, 102.90),
(359, 124, 1, 128.04),
(499, 61, 4, 190.35),
(12, 37, 1, 103.88),
(460, 124, 4, 124.11),
(281, 117, 2, 90.08),
(462, 71, 4, 359.74),
(465, 32, 2, 211.02),
(332, 77, 2, 205.23),
(277, 194, 4, 372.85),
(255, 119, 4, 290.64),
(285, 144, 5, 306.79),
(497, 41, 3, 148.79),
(438, 180, 5, 443.57),
(57, 17, 4, 175.69),
(323, 171, 5, 428.73),
(36, 93, 4, 280.68),
(60, 26, 1, 84.19),
(295, 8, 4, 158.70),
(225, 6, 4, 165.54),
(119, 120, 5, 260.93),
(400, 143, 2, 264.15),
(366, 63, 3, 226.35),
(48, 17, 5, 458.67),
(59, 139, 2, 385.92),
(260, 124, 5, 260.82),
(268, 198, 2, 87.42),
(238, 40, 1, 183.03),
(455, 158, 1, 347.40),
(449, 12, 4, 168.02),
(62, 10, 4, 212.65),
(388, 44, 4, 462.38),
(165, 102, 5, 275.65),
(377, 126, 1, 235.74),
(337, 128, 4, 483.15),
(396, 121, 2, 399.60),
(364, 171, 2, 471.03),
(339, 33, 1, 439.98),
(276, 185, 4, 398.71),
(299, 136, 1, 201.96),
(432, 12, 4, 419.94),
(306, 109, 5, 342.47),
(315, 148, 3, 452.57),
(406, 121, 4, 227.16),
(305, 165, 4, 366.28),
(324, 188, 4, 383.42),
(103, 27, 5, 455.42),
(454, 11, 2, 217.07),
(99, 95, 4, 392.65),
(276, 49, 4, 313.02),
(275, 122, 4, 119.38),
(28, 168, 1, 460.11),
(464, 150, 4, 439.21),
(186, 131, 4, 324.95),
(9, 14, 1, 105.24),
(452, 94, 4, 309.98),
(421, 44, 2, 368.30),
(374, 36, 3, 275.51),
(428, 119, 4, 386.55),
(27, 114, 1, 391.16),
(245, 171, 5, 451.52),
(412, 165, 5, 433.85),
(432, 27, 4, 320.26),
(389, 86, 3, 142.53),
(429, 84, 1, 83.65),
(250, 94, 5, 286.63),
(1, 129, 3, 214.47),
(299, 29, 4, 284.28),
(82, 138, 3, 195.24),
(10, 78, 5, 128.95),
(117, 3, 4, 392.08),
(230, 73, 4, 404.91),
(41, 192, 2, 376.96),
(435, 3, 2, 458.66),
(362, 40, 3, 131.25),
(316, 40, 5, 470.67),
(246, 88, 5, 135.95),
(218, 28, 5, 356.08),
(235, 70, 2, 217.98),
(53, 27, 5, 375.89),
(152, 188, 3, 450.37),
(308, 49, 5, 330.89),
(28, 112, 3, 391.24),
(384, 133, 1, 353.37),
(73, 58, 3, 191.75),
(396, 20, 4, 162.42),
(362, 156, 3, 81.88),
(389, 120, 5, 289.05),
(443, 115, 2, 191.05),
(229, 58, 5, 298.13),
(316, 81, 1, 385.92),
(366, 13, 2, 149.43),
(251, 200, 4, 187.75),
(213, 94, 2, 336.60),
(213, 111, 2, 324.77),
(478, 94, 1, 483.31),
(334, 127, 1, 354.03),
(268, 159, 5, 401.49),
(373, 20, 1, 422.87),
(39, 100, 2, 336.52),
(165, 92, 3, 389.44),
(452, 165, 2, 402.85),
(174, 122, 3, 293.58),
(442, 68, 5, 74.01),
(409, 126, 4, 68.20),
(100, 101, 2, 185.51),
(51, 104, 3, 417.05),
(386, 51, 1, 226.73),
(431, 112, 3, 192.10),
(309, 135, 2, 115.58),
(17, 179, 2, 311.85),
(367, 10, 4, 491.19),
(187, 6, 3, 397.81),
(349, 174, 4, 161.73),
(134, 149, 3, 252.90),
(352, 85, 2, 233.72),
(130, 54, 2, 58.61),
(300, 169, 1, 74.82),
(270, 94, 5, 120.27),
(40, 86, 4, 146.09),
(393, 38, 3, 215.88),
(383, 121, 3, 377.87),
(469, 29, 5, 456.40),
(375, 95, 3, 237.13),
(142, 148, 2, 486.61),
(74, 52, 3, 108.61),
(401, 181, 5, 140.13),
(216, 117, 1, 229.86),
(129, 118, 1, 446.05),
(68, 148, 2, 388.32),
(337, 115, 4, 207.61),
(307, 14, 2, 325.10),
(453, 170, 1, 361.59),
(124, 97, 4, 249.29),
(281, 158, 3, 416.36),
(55, 34, 5, 110.52),
(438, 78, 3, 424.88),
(304, 28, 2, 289.54),
(319, 20, 5, 437.82),
(319, 91, 3, 216.92),
(184, 45, 3, 421.96),
(402, 87, 4, 391.64),
(14, 110, 1, 162.00),
(13, 103, 2, 421.18),
(417, 35, 3, 278.29),
(359, 39, 1, 165.08),
(498, 79, 2, 425.34),
(460, 14, 3, 317.43),
(251, 174, 2, 419.78),
(422, 14, 1, 189.06),
(341, 123, 5, 418.44),
(209, 13, 1, 473.11),
(406, 161, 4, 476.72),
(92, 182, 3, 54.16),
(378, 43, 1, 440.73),
(236, 193, 4, 327.26),
(161, 96, 4, 249.69),
(486, 63, 4, 260.54),
(422, 12, 2, 460.75),
(89, 112, 1, 300.00),
(76, 139, 5, 140.28),
(59, 84, 4, 161.56),
(2, 172, 1, 342.09),
(125, 70, 2, 472.67),
(323, 193, 1, 449.64),
(425, 7, 3, 284.28),
(401, 161, 2, 379.92),
(28, 81, 1, 284.18),
(477, 48, 2, 215.33),
(242, 171, 2, 99.71),
(486, 182, 4, 294.70),
(266, 23, 2, 395.18),
(445, 112, 2, 190.30),
(467, 56, 2, 268.98),
(257, 186, 5, 370.96),
(198, 109, 1, 209.48),
(270, 83, 1, 183.44),
(79, 2, 1, 61.38),
(357, 70, 5, 141.88),
(291, 148, 1, 100.97),
(451, 52, 2, 233.28),
(267, 64, 3, 64.84),
(462, 103, 3, 137.58),
(143, 72, 3, 414.89),
(169, 65, 4, 86.00),
(22, 37, 4, 259.82),
(75, 162, 4, 117.03),
(417, 132, 4, 460.13),
(295, 34, 1, 444.38),
(209, 109, 2, 234.51),
(164, 166, 5, 490.26),
(267, 118, 5, 393.27),
(355, 152, 3, 382.90),
(161, 92, 4, 287.82),
(56, 25, 5, 132.05),
(150, 10, 1, 411.60),
(221, 11, 4, 75.51),
(214, 141, 4, 146.28),
(361, 108, 3, 212.36),
(144, 26, 4, 168.86),
(97, 41, 1, 469.18),
(101, 20, 4, 355.85),
(412, 56, 4, 442.06),
(296, 127, 3, 156.82),
(81, 150, 4, 71.34),
(2, 177, 2, 253.85),
(346, 14, 1, 58.29),
(150, 97, 5, 431.70),
(312, 57, 1, 64.81),
(46, 28, 4, 115.17),
(97, 91, 3, 154.85),
(438, 153, 1, 462.71),
(37, 72, 2, 312.63),
(89, 111, 2, 163.06),
(357, 185, 4, 404.75),
(89, 49, 4, 482.82),
(181, 102, 2, 63.21),
(233, 110, 2, 220.09),
(433, 117, 4, 134.54),
(150, 3, 4, 79.60),
(285, 10, 2, 198.34),
(357, 147, 5, 385.27),
(188, 113, 1, 292.67),
(401, 131, 4, 221.16),
(484, 199, 4, 490.39),
(106, 36, 1, 307.11),
(192, 91, 3, 309.89),
(268, 155, 2, 411.60),
(293, 75, 4, 401.44),
(259, 155, 2, 439.85),
(359, 22, 5, 385.30),
(210, 178, 3, 458.40),
(165, 182, 1, 424.79),
(40, 140, 2, 316.78),
(242, 189, 2, 227.69),
(441, 68, 2, 493.85),
(176, 61, 5, 187.76),
(137, 171, 4, 212.13),
(52, 25, 1, 427.00),
(127, 62, 4, 214.87),
(85, 159, 1, 229.49),
(228, 175, 1, 378.15),
(79, 112, 4, 217.83),
(135, 58, 5, 52.17),
(458, 186, 3, 57.46),
(435, 48, 3, 219.61),
(318, 55, 4, 201.72),
(424, 101, 1, 52.14),
(150, 35, 1, 196.87),
(185, 39, 3, 478.55),
(100, 168, 1, 159.55),
(171, 20, 1, 295.54),
(323, 99, 4, 181.43),
(116, 44, 2, 132.07),
(42, 171, 5, 114.73),
(250, 28, 3, 120.75),
(219, 95, 4, 250.99),
(104, 76, 3, 418.38),
(407, 186, 3, 448.84),
(352, 40, 1, 125.11),
(162, 108, 5, 153.49),
(447, 22, 2, 96.98),
(423, 155, 3, 381.55),
(409, 152, 4, 448.90),
(356, 86, 4, 297.13),
(275, 140, 4, 448.32),
(385, 147, 3, 432.95),
(172, 48, 5, 103.10),
(425, 135, 3, 261.77),
(351, 139, 2, 70.15),
(75, 98, 4, 280.75),
(130, 7, 5, 276.60),
(407, 11, 4, 359.04),
(331, 117, 5, 372.40),
(181, 7, 1, 334.67),
(268, 95, 2, 494.38),
(419, 84, 4, 220.84),
(385, 79, 1, 323.33),
(116, 183, 1, 255.01),
(307, 75, 2, 149.72),
(66, 8, 5, 57.70),
(424, 21, 3, 85.22),
(397, 193, 1, 236.05),
(256, 18, 5, 439.02),
(73, 195, 2, 477.96),
(290, 10, 1, 129.43),
(114, 160, 4, 406.92),
(49, 26, 3, 300.41),
(422, 121, 5, 283.15),
(188, 45, 5, 408.46),
(452, 87, 5, 428.02),
(318, 3, 3, 119.59),
(216, 177, 5, 317.29),
(213, 95, 1, 334.97),
(163, 137, 2, 447.71),
(159, 88, 4, 306.76),
(346, 152, 1, 478.93),
(279, 102, 5, 64.03),
(169, 81, 5, 396.68),
(255, 90, 4, 354.13),
(217, 1, 4, 378.73),
(1, 125, 5, 143.88),
(54, 3, 5, 264.92),
(139, 89, 4, 180.23),
(134, 56, 4, 128.97),
(387, 149, 5, 292.88),
(239, 57, 2, 428.82),
(363, 107, 5, 413.63),
(74, 142, 3, 435.35),
(222, 178, 3, 90.73),
(166, 124, 3, 224.40),
(114, 147, 5, 485.07),
(149, 91, 5, 368.58),
(212, 86, 4, 341.14),
(380, 197, 1, 240.72),
(138, 43, 1, 135.87),
(280, 193, 5, 50.51),
(344, 40, 2, 469.98),
(55, 100, 3, 219.55),
(473, 171, 4, 356.47),
(345, 118, 2, 231.04),
(429, 94, 1, 380.11),
(482, 163, 2, 339.43),
(221, 8, 2, 333.06),
(144, 143, 2, 330.83),
(120, 52, 5, 104.04),
(273, 16, 3, 172.12),
(392, 49, 3, 314.51),
(238, 118, 3, 206.33),
(212, 39, 4, 241.04),
(315, 172, 2, 95.06),
(141, 173, 4, 483.61),
(49, 70, 1, 107.34),
(355, 88, 5, 175.72),
(237, 150, 3, 315.64),
(319, 92, 1, 147.71),
(207, 157, 4, 345.82),
(489, 56, 1, 228.23),
(271, 38, 4, 149.20),
(446, 172, 5, 466.54),
(155, 99, 2, 476.06),
(434, 8, 4, 353.64),
(453, 38, 4, 114.52),
(383, 183, 2, 56.23),
(419, 133, 1, 57.33),
(303, 31, 4, 116.64),
(441, 22, 2, 493.58),
(160, 132, 3, 196.84),
(54, 128, 3, 417.57),
(153, 91, 5, 398.15),
(441, 72, 2, 151.09),
(427, 118, 4, 362.85),
(328, 10, 5, 433.04),
(168, 91, 1, 499.95),
(24, 55, 2, 160.23),
(170, 130, 3, 179.79),
(147, 140, 5, 91.14),
(338, 189, 4, 315.92),
(41, 22, 2, 320.76),
(408, 183, 4, 68.50),
(2, 135, 4, 224.11),
(231, 170, 3, 290.60),
(10, 29, 3, 490.86),
(441, 38, 5, 184.83),
(323, 105, 1, 157.24),
(115, 27, 2, 297.35),
(218, 6, 5, 317.28),
(104, 3, 1, 191.40),
(201, 110, 4, 483.01),
(328, 149, 5, 226.19),
(450, 14, 4, 63.15),
(467, 126, 3, 270.28),
(390, 98, 2, 370.55),
(191, 128, 1, 450.91),
(366, 5, 1, 108.49),
(481, 181, 3, 391.28),
(379, 131, 2, 194.05),
(226, 132, 1, 486.35),
(380, 123, 2, 154.58),
(436, 77, 3, 183.19),
(201, 168, 3, 98.10),
(267, 157, 3, 400.13),
(331, 6, 4, 469.94),
(82, 90, 2, 285.19),
(462, 29, 5, 283.13),
(487, 120, 1, 155.93),
(163, 13, 2, 132.78),
(255, 148, 4, 217.49),
(118, 90, 5, 97.75);



-- Tabla: Pagos
INSERT INTO `pagos` (`id_pedido`, `id_pago`, `monto`, `metodo_pago`, `fecha_pago`)
VALUES
(157, 1, 267.28, 'Efectivo', '2023-07-03'),
(487, 2, 453.99, 'Efectivo', '2023-01-24'),
(284, 3, 387.24, 'Efectivo', '2023-06-08'),
(31, 4, 738.89, 'Tarjeta', '2023-04-19'),
(168, 5, 910.78, 'Efectivo', '2023-07-15'),
(281, 6, 420.21, 'Efectivo', '2023-12-14'),
(206, 7, 754.79, 'Tarjeta', '2023-04-24'),
(242, 8, 156.72, 'Tarjeta', '2023-11-12'),
(283, 9, 741.74, 'Efectivo', '2023-09-01'),
(437, 10, 757.92, 'Efectivo', '2023-02-07'),
(310, 11, 564.59, 'Efectivo', '2023-07-19'),
(48, 12, 485.07, 'Efectivo', '2023-06-08'),
(150, 13, 631.91, 'Tarjeta', '2023-08-10'),
(214, 14, 720.02, 'Efectivo', '2023-06-25'),
(262, 15, 369.76, 'Efectivo', '2023-02-19'),
(434, 16, 168.01, 'Efectivo', '2023-01-14'),
(165, 17, 627.81, 'Efectivo', '2023-01-01'),
(28, 18, 655.30, 'Efectivo', '2023-12-22'),
(75, 19, 492.97, 'Tarjeta', '2023-01-21'),
(444, 20, 392.41, 'Tarjeta', '2023-07-12'),
(15, 21, 709.23, 'Tarjeta', '2023-04-05'),
(212, 22, 940.12, 'Tarjeta', '2023-09-11'),
(255, 23, 169.11, 'Tarjeta', '2023-04-24'),
(352, 24, 218.47, 'Tarjeta', '2023-12-01'),
(200, 25, 977.23, 'Efectivo', '2023-03-02'),
(112, 26, 393.42, 'Tarjeta', '2023-10-21'),
(490, 27, 107.40, 'Tarjeta', '2023-12-08'),
(91, 28, 270.54, 'Tarjeta', '2023-04-25'),
(25, 29, 767.67, 'Tarjeta', '2023-04-25'),
(213, 30, 291.74, 'Tarjeta', '2023-07-16'),
(106, 31, 250.64, 'Tarjeta', '2023-02-23'),
(27, 32, 394.65, 'Tarjeta', '2023-04-21'),
(18, 33, 482.33, 'Tarjeta', '2023-07-06'),
(183, 34, 476.18, 'Tarjeta', '2023-02-20'),
(500, 35, 567.59, 'Efectivo', '2023-06-08'),
(82, 36, 891.16, 'Efectivo', '2023-08-19'),
(59, 37, 112.48, 'Tarjeta', '2023-12-16'),
(489, 38, 130.15, 'Tarjeta', '2023-06-13'),
(26, 39, 289.42, 'Efectivo', '2023-06-25'),
(475, 40, 362.78, 'Efectivo', '2023-12-17'),
(500, 41, 168.96, 'Efectivo', '2023-11-05'),
(299, 42, 860.80, 'Efectivo', '2023-09-08'),
(138, 43, 101.71, 'Tarjeta', '2023-03-12'),
(38, 44, 264.11, 'Tarjeta', '2023-09-19'),
(266, 45, 565.17, 'Tarjeta', '2023-07-23'),
(358, 46, 869.89, 'Efectivo', '2023-03-23'),
(140, 47, 384.51, 'Tarjeta', '2023-10-23'),
(165, 48, 634.33, 'Tarjeta', '2023-08-26'),
(384, 49, 820.65, 'Tarjeta', '2023-08-23'),
(271, 50, 776.92, 'Tarjeta', '2023-10-04'),
(476, 51, 522.56, 'Efectivo', '2023-08-05'),
(456, 52, 203.93, 'Efectivo', '2023-07-06'),
(49, 53, 664.41, 'Tarjeta', '2023-06-19'),
(219, 54, 353.95, 'Efectivo', '2023-03-28'),
(92, 55, 965.98, 'Efectivo', '2023-04-07'),
(68, 56, 223.57, 'Tarjeta', '2023-06-18'),
(459, 57, 662.41, 'Efectivo', '2023-07-12'),
(477, 58, 127.52, 'Tarjeta', '2023-11-15'),
(85, 59, 404.09, 'Efectivo', '2023-08-07'),
(27, 60, 653.67, 'Efectivo', '2023-09-16'),
(13, 61, 695.53, 'Efectivo', '2023-03-06'),
(224, 62, 495.25, 'Efectivo', '2023-09-09'),
(360, 63, 788.68, 'Efectivo', '2023-04-01'),
(228, 64, 480.36, 'Tarjeta', '2023-03-01'),
(214, 65, 647.88, 'Tarjeta', '2023-04-13'),
(274, 66, 747.38, 'Efectivo', '2023-12-17'),
(498, 67, 454.95, 'Efectivo', '2023-05-03'),
(261, 68, 315.65, 'Tarjeta', '2023-06-01'),
(255, 69, 352.58, 'Efectivo', '2023-03-22'),
(341, 70, 167.62, 'Efectivo', '2023-01-02'),
(147, 71, 774.85, 'Tarjeta', '2023-06-11'),
(364, 72, 311.11, 'Tarjeta', '2023-08-25'),
(261, 73, 253.19, 'Efectivo', '2023-11-05'),
(276, 74, 414.47, 'Efectivo', '2023-11-18'),
(80, 75, 340.02, 'Tarjeta', '2023-04-25'),
(423, 76, 603.08, 'Tarjeta', '2023-02-12'),
(388, 77, 346.61, 'Efectivo', '2023-07-23'),
(145, 78, 580.25, 'Tarjeta', '2023-11-05'),
(88, 79, 280.98, 'Efectivo', '2023-06-17'),
(154, 80, 967.66, 'Efectivo', '2023-12-23'),
(40, 81, 428.36, 'Tarjeta', '2023-02-23'),
(471, 82, 325.01, 'Tarjeta', '2023-01-16'),
(172, 83, 928.78, 'Tarjeta', '2023-03-28'),
(421, 84, 618.03, 'Tarjeta', '2023-11-11'),
(151, 85, 390.89, 'Efectivo', '2023-05-26'),
(138, 86, 447.26, 'Tarjeta', '2023-12-18'),
(38, 87, 925.63, 'Efectivo', '2023-08-14'),
(382, 88, 856.62, 'Tarjeta', '2023-05-25'),
(384, 89, 374.45, 'Tarjeta', '2023-10-15'),
(87, 90, 240.59, 'Efectivo', '2023-12-13'),
(481, 91, 576.11, 'Efectivo', '2023-03-01'),
(479, 92, 442.36, 'Efectivo', '2023-06-26'),
(132, 93, 126.84, 'Efectivo', '2023-05-03'),
(231, 94, 728.38, 'Efectivo', '2023-12-25'),
(240, 95, 538.90, 'Efectivo', '2023-03-20'),
(300, 96, 596.23, 'Efectivo', '2023-03-19'),
(344, 97, 483.07, 'Tarjeta', '2023-07-08'),
(402, 98, 736.12, 'Efectivo', '2023-09-20'),
(443, 99, 838.39, 'Tarjeta', '2023-11-03'),
(388, 100, 513.75, 'Tarjeta', '2023-09-04'),
(447, 101, 313.70, 'Efectivo', '2023-11-14'),
(119, 102, 346.86, 'Efectivo', '2023-02-16'),
(417, 103, 424.43, 'Tarjeta', '2023-05-18'),
(129, 104, 180.20, 'Efectivo', '2023-10-15'),
(2, 105, 909.27, 'Tarjeta', '2023-12-01'),
(146, 106, 603.52, 'Tarjeta', '2023-09-16'),
(465, 107, 120.12, 'Efectivo', '2023-11-05'),
(255, 108, 539.15, 'Tarjeta', '2023-01-25'),
(100, 109, 380.02, 'Tarjeta', '2023-01-09'),
(258, 110, 619.68, 'Efectivo', '2023-09-28'),
(81, 111, 871.83, 'Tarjeta', '2023-09-08'),
(384, 112, 906.62, 'Tarjeta', '2023-09-23'),
(124, 113, 817.60, 'Tarjeta', '2023-06-03'),
(112, 114, 461.75, 'Tarjeta', '2023-11-11'),
(17, 115, 334.08, 'Efectivo', '2023-12-26'),
(220, 116, 456.83, 'Efectivo', '2023-08-09'),
(321, 117, 571.38, 'Efectivo', '2023-01-07'),
(276, 118, 852.63, 'Efectivo', '2023-08-02'),
(339, 119, 622.14, 'Tarjeta', '2023-05-15'),
(182, 120, 357.64, 'Tarjeta', '2023-03-21'),
(306, 121, 823.60, 'Efectivo', '2023-11-16'),
(374, 122, 308.63, 'Tarjeta', '2023-12-04'),
(393, 123, 110.20, 'Efectivo', '2023-05-03'),
(263, 124, 641.01, 'Efectivo', '2023-05-12'),
(489, 125, 281.67, 'Tarjeta', '2023-01-22'),
(307, 126, 359.04, 'Tarjeta', '2023-10-06'),
(136, 127, 577.98, 'Efectivo', '2023-04-16'),
(125, 128, 905.26, 'Tarjeta', '2023-09-09'),
(349, 129, 520.79, 'Efectivo', '2023-10-07'),
(119, 130, 406.78, 'Efectivo', '2023-05-26'),
(158, 131, 182.64, 'Efectivo', '2023-09-02'),
(442, 132, 446.80, 'Tarjeta', '2023-03-06'),
(44, 133, 275.12, 'Tarjeta', '2023-10-11'),
(149, 134, 193.92, 'Efectivo', '2023-05-13'),
(51, 135, 289.90, 'Efectivo', '2023-05-10'),
(73, 136, 238.78, 'Efectivo', '2023-12-11'),
(458, 137, 663.31, 'Efectivo', '2023-06-13'),
(369, 138, 345.83, 'Tarjeta', '2023-11-04'),
(483, 139, 994.61, 'Tarjeta', '2023-07-13'),
(284, 140, 838.41, 'Tarjeta', '2023-04-12'),
(355, 141, 960.25, 'Efectivo', '2023-11-13'),
(24, 142, 871.99, 'Efectivo', '2023-03-18'),
(232, 143, 141.50, 'Tarjeta', '2023-06-24'),
(335, 144, 399.71, 'Efectivo', '2023-12-15'),
(163, 145, 503.02, 'Efectivo', '2023-09-05'),
(8, 146, 325.44, 'Tarjeta', '2023-12-13'),
(85, 147, 582.59, 'Efectivo', '2023-07-05'),
(90, 148, 507.70, 'Efectivo', '2023-06-18'),
(98, 149, 839.15, 'Efectivo', '2023-10-09'),
(469, 150, 267.98, 'Efectivo', '2023-03-06'),
(128, 151, 826.87, 'Efectivo', '2023-12-18'),
(309, 152, 804.90, 'Efectivo', '2023-11-22'),
(276, 153, 792.74, 'Efectivo', '2023-08-05'),
(402, 154, 361.34, 'Efectivo', '2023-07-10'),
(208, 155, 161.10, 'Tarjeta', '2023-06-02'),
(202, 156, 477.57, 'Efectivo', '2023-04-05'),
(321, 157, 500.71, 'Efectivo', '2023-03-06'),
(335, 158, 128.73, 'Tarjeta', '2023-11-21'),
(201, 159, 101.18, 'Tarjeta', '2023-08-09'),
(222, 160, 720.01, 'Tarjeta', '2023-02-08'),
(320, 161, 397.62, 'Efectivo', '2023-11-18'),
(234, 162, 503.65, 'Tarjeta', '2023-10-17'),
(28, 163, 839.73, 'Efectivo', '2023-11-04'),
(259, 164, 832.03, 'Tarjeta', '2023-11-28'),
(38, 165, 903.10, 'Efectivo', '2023-10-10'),
(497, 166, 934.89, 'Tarjeta', '2023-05-24'),
(289, 167, 888.28, 'Efectivo', '2023-06-24'),
(188, 168, 861.58, 'Tarjeta', '2023-02-02'),
(40, 169, 261.60, 'Efectivo', '2023-09-27'),
(384, 170, 414.36, 'Efectivo', '2023-06-20'),
(459, 171, 105.92, 'Efectivo', '2023-03-28'),
(102, 172, 440.40, 'Efectivo', '2023-01-27'),
(187, 173, 335.43, 'Tarjeta', '2023-07-14'),
(126, 174, 511.40, 'Efectivo', '2023-04-14'),
(132, 175, 872.20, 'Tarjeta', '2023-06-27'),
(406, 176, 894.79, 'Efectivo', '2023-01-07'),
(197, 177, 512.86, 'Efectivo', '2023-04-02'),
(158, 178, 896.15, 'Efectivo', '2023-07-21'),
(365, 179, 306.56, 'Efectivo', '2023-09-07'),
(458, 180, 297.42, 'Efectivo', '2023-07-03'),
(411, 181, 324.81, 'Tarjeta', '2023-06-04'),
(89, 182, 867.46, 'Efectivo', '2023-10-17'),
(79, 183, 361.07, 'Efectivo', '2023-01-12'),
(68, 184, 599.58, 'Tarjeta', '2023-01-19'),
(325, 185, 163.09, 'Tarjeta', '2023-07-15'),
(73, 186, 721.57, 'Tarjeta', '2023-01-07'),
(278, 187, 422.22, 'Tarjeta', '2023-01-09'),
(94, 188, 551.99, 'Tarjeta', '2023-02-08'),
(423, 189, 644.49, 'Efectivo', '2023-02-18'),
(26, 190, 719.74, 'Efectivo', '2023-09-07'),
(481, 191, 667.41, 'Efectivo', '2023-08-06'),
(438, 192, 537.88, 'Tarjeta', '2023-12-26'),
(359, 193, 869.18, 'Tarjeta', '2023-11-13'),
(231, 194, 780.25, 'Efectivo', '2023-06-20'),
(127, 195, 274.12, 'Tarjeta', '2023-02-23'),
(294, 196, 371.42, 'Efectivo', '2023-07-01'),
(359, 197, 943.50, 'Efectivo', '2023-11-22'),
(420, 198, 401.93, 'Tarjeta', '2023-08-08'),
(64, 199, 766.48, 'Efectivo', '2023-12-02'),
(406, 200, 942.48, 'Efectivo', '2023-01-10'),
(101, 201, 298.67, 'Efectivo', '2023-11-06'),
(244, 202, 700.95, 'Efectivo', '2023-12-09'),
(312, 203, 308.37, 'Tarjeta', '2023-09-07'),
(115, 204, 971.68, 'Tarjeta', '2023-05-26'),
(384, 205, 869.64, 'Tarjeta', '2023-03-25'),
(485, 206, 469.06, 'Tarjeta', '2023-08-13'),
(130, 207, 921.78, 'Tarjeta', '2023-07-22'),
(15, 208, 916.18, 'Efectivo', '2023-08-11'),
(213, 209, 607.40, 'Tarjeta', '2023-06-10'),
(44, 210, 949.32, 'Tarjeta', '2023-10-12'),
(251, 211, 764.13, 'Tarjeta', '2023-12-06'),
(456, 212, 821.07, 'Efectivo', '2023-05-04'),
(83, 213, 192.02, 'Efectivo', '2023-04-27'),
(340, 214, 188.68, 'Tarjeta', '2023-01-14'),
(232, 215, 501.84, 'Tarjeta', '2023-08-05'),
(497, 216, 163.56, 'Tarjeta', '2023-08-19'),
(392, 217, 988.31, 'Tarjeta', '2023-09-13'),
(395, 218, 810.90, 'Efectivo', '2023-11-02'),
(212, 219, 371.62, 'Tarjeta', '2023-06-01'),
(80, 220, 390.33, 'Tarjeta', '2023-07-19'),
(486, 221, 893.94, 'Tarjeta', '2023-11-07'),
(54, 222, 981.55, 'Efectivo', '2023-09-12'),
(451, 223, 829.59, 'Tarjeta', '2023-07-22'),
(389, 224, 675.92, 'Tarjeta', '2023-09-15'),
(218, 225, 665.71, 'Efectivo', '2023-07-23'),
(63, 226, 724.60, 'Tarjeta', '2023-03-25'),
(342, 227, 379.17, 'Tarjeta', '2023-10-19'),
(388, 228, 630.45, 'Efectivo', '2023-09-06'),
(67, 229, 675.71, 'Tarjeta', '2023-07-06'),
(28, 230, 372.72, 'Efectivo', '2023-11-14'),
(229, 231, 163.01, 'Tarjeta', '2023-03-18'),
(236, 232, 220.24, 'Efectivo', '2023-06-16'),
(34, 233, 965.21, 'Tarjeta', '2023-12-21'),
(290, 234, 928.70, 'Tarjeta', '2023-03-07'),
(423, 235, 997.57, 'Tarjeta', '2023-06-06'),
(310, 236, 285.53, 'Tarjeta', '2023-07-25'),
(469, 237, 941.20, 'Efectivo', '2023-03-25'),
(453, 238, 387.61, 'Tarjeta', '2023-01-13'),
(288, 239, 758.94, 'Efectivo', '2023-01-14'),
(139, 240, 890.04, 'Tarjeta', '2023-03-17'),
(181, 241, 239.82, 'Efectivo', '2023-09-03'),
(135, 242, 779.10, 'Efectivo', '2023-08-23'),
(234, 243, 687.43, 'Efectivo', '2023-08-17'),
(405, 244, 305.69, 'Efectivo', '2023-10-26'),
(425, 245, 951.55, 'Tarjeta', '2023-09-24'),
(17, 246, 239.89, 'Tarjeta', '2023-09-10'),
(48, 247, 904.23, 'Tarjeta', '2023-10-12'),
(284, 248, 824.08, 'Efectivo', '2023-04-01'),
(360, 249, 444.31, 'Tarjeta', '2023-05-24'),
(255, 250, 343.39, 'Efectivo', '2023-06-16'),
(53, 251, 146.72, 'Efectivo', '2023-03-07'),
(360, 252, 299.99, 'Tarjeta', '2023-10-21'),
(41, 253, 530.73, 'Efectivo', '2023-01-09'),
(239, 254, 328.20, 'Tarjeta', '2023-08-21'),
(362, 255, 390.90, 'Tarjeta', '2023-11-19'),
(251, 256, 145.75, 'Tarjeta', '2023-10-09'),
(359, 257, 705.21, 'Tarjeta', '2023-01-15'),
(318, 258, 658.33, 'Efectivo', '2023-12-28'),
(303, 259, 654.02, 'Efectivo', '2023-07-07'),
(179, 260, 407.68, 'Tarjeta', '2023-04-28'),
(284, 261, 652.86, 'Tarjeta', '2023-07-05'),
(459, 262, 900.33, 'Efectivo', '2023-12-23'),
(89, 263, 587.23, 'Efectivo', '2023-08-05'),
(53, 264, 173.54, 'Tarjeta', '2023-03-10'),
(440, 265, 358.69, 'Efectivo', '2023-07-09'),
(441, 266, 276.07, 'Efectivo', '2023-02-05'),
(415, 267, 838.19, 'Efectivo', '2023-03-07'),
(339, 268, 927.39, 'Tarjeta', '2023-10-08'),
(63, 269, 834.19, 'Efectivo', '2023-01-04'),
(475, 270, 358.88, 'Efectivo', '2023-03-21'),
(162, 271, 229.90, 'Tarjeta', '2023-01-07'),
(318, 272, 237.11, 'Efectivo', '2023-04-11'),
(6, 273, 419.73, 'Tarjeta', '2023-09-18'),
(44, 274, 539.17, 'Efectivo', '2023-02-11'),
(207, 275, 352.26, 'Efectivo', '2023-12-12'),
(223, 276, 488.23, 'Tarjeta', '2023-12-11'),
(430, 277, 575.65, 'Efectivo', '2023-05-17'),
(4, 278, 140.00, 'Efectivo', '2023-10-15'),
(456, 279, 263.87, 'Efectivo', '2023-12-18'),
(281, 280, 150.01, 'Efectivo', '2023-08-21'),
(182, 281, 326.22, 'Tarjeta', '2023-09-20'),
(134, 282, 416.01, 'Tarjeta', '2023-02-13'),
(2, 283, 628.19, 'Efectivo', '2023-07-14'),
(194, 284, 915.88, 'Tarjeta', '2023-11-17'),
(450, 285, 973.67, 'Tarjeta', '2023-10-11'),
(17, 286, 295.94, 'Tarjeta', '2023-08-12'),
(381, 287, 520.80, 'Tarjeta', '2023-07-15'),
(167, 288, 631.44, 'Tarjeta', '2023-05-18'),
(242, 289, 678.28, 'Efectivo', '2023-04-14'),
(179, 290, 450.14, 'Tarjeta', '2023-05-19'),
(397, 291, 849.89, 'Tarjeta', '2023-07-17'),
(3, 292, 743.30, 'Efectivo', '2023-03-06'),
(462, 293, 352.46, 'Efectivo', '2023-03-17'),
(83, 294, 765.30, 'Tarjeta', '2023-07-11'),
(7, 295, 287.18, 'Efectivo', '2023-08-04'),
(475, 296, 300.78, 'Efectivo', '2023-03-04'),
(284, 297, 240.24, 'Tarjeta', '2023-07-02'),
(80, 298, 285.91, 'Efectivo', '2023-04-08'),
(185, 299, 629.95, 'Tarjeta', '2023-04-03'),
(41, 300, 362.55, 'Efectivo', '2023-10-07'),
(402, 301, 133.50, 'Efectivo', '2023-08-06'),
(15, 302, 297.01, 'Tarjeta', '2023-12-24'),
(219, 303, 313.61, 'Efectivo', '2023-11-15'),
(76, 304, 898.08, 'Efectivo', '2023-01-19'),
(95, 305, 278.88, 'Tarjeta', '2023-11-07'),
(56, 306, 990.60, 'Efectivo', '2023-12-14'),
(289, 307, 310.35, 'Tarjeta', '2023-12-04'),
(119, 308, 338.82, 'Efectivo', '2023-03-25'),
(369, 309, 779.50, 'Tarjeta', '2023-03-18'),
(234, 310, 225.14, 'Efectivo', '2023-10-20'),
(334, 311, 975.37, 'Efectivo', '2023-05-18'),
(459, 312, 284.93, 'Tarjeta', '2023-05-04'),
(280, 313, 794.92, 'Efectivo', '2023-12-22'),
(261, 314, 854.47, 'Efectivo', '2023-08-18'),
(374, 315, 441.52, 'Efectivo', '2023-05-01'),
(246, 316, 100.75, 'Tarjeta', '2023-10-26'),
(357, 317, 904.09, 'Efectivo', '2023-07-12'),
(279, 318, 536.81, 'Tarjeta', '2023-04-06'),
(252, 319, 787.64, 'Efectivo', '2023-05-18'),
(55, 320, 452.19, 'Efectivo', '2023-12-27'),
(338, 321, 822.07, 'Efectivo', '2023-02-13'),
(376, 322, 994.39, 'Tarjeta', '2023-05-11'),
(279, 323, 398.60, 'Efectivo', '2023-03-19'),
(425, 324, 716.86, 'Tarjeta', '2023-04-27'),
(96, 325, 685.37, 'Tarjeta', '2023-05-14'),
(83, 326, 311.95, 'Efectivo', '2023-09-08'),
(241, 327, 327.13, 'Tarjeta', '2023-01-23'),
(427, 328, 823.03, 'Tarjeta', '2023-05-19'),
(149, 329, 504.93, 'Tarjeta', '2023-11-14'),
(291, 330, 221.83, 'Efectivo', '2023-04-02'),
(135, 331, 438.17, 'Tarjeta', '2023-11-12'),
(390, 332, 982.44, 'Tarjeta', '2023-09-19'),
(218, 333, 231.30, 'Tarjeta', '2023-02-28'),
(29, 334, 476.92, 'Efectivo', '2023-02-01'),
(497, 335, 932.01, 'Tarjeta', '2023-11-03'),
(332, 336, 257.71, 'Tarjeta', '2023-03-27'),
(295, 337, 381.33, 'Tarjeta', '2023-02-14'),
(58, 338, 765.65, 'Tarjeta', '2023-02-18'),
(499, 339, 562.71, 'Tarjeta', '2023-01-06'),
(275, 340, 577.74, 'Tarjeta', '2023-06-05'),
(497, 341, 115.84, 'Tarjeta', '2023-06-21'),
(296, 342, 646.99, 'Efectivo', '2023-07-25'),
(351, 343, 180.71, 'Efectivo', '2023-12-06'),
(234, 344, 828.60, 'Tarjeta', '2023-07-12'),
(76, 345, 358.87, 'Tarjeta', '2023-07-09'),
(215, 346, 732.05, 'Tarjeta', '2023-03-20'),
(291, 347, 370.51, 'Tarjeta', '2023-05-05'),
(89, 348, 765.31, 'Tarjeta', '2023-03-06'),
(468, 349, 921.93, 'Tarjeta', '2023-08-03'),
(409, 350, 600.23, 'Tarjeta', '2023-02-19'),
(124, 351, 840.51, 'Efectivo', '2023-12-26'),
(89, 352, 880.33, 'Tarjeta', '2023-02-05'),
(482, 353, 359.64, 'Tarjeta', '2023-05-08'),
(22, 354, 163.52, 'Efectivo', '2023-11-24'),
(318, 355, 954.46, 'Tarjeta', '2023-03-15'),
(396, 356, 199.27, 'Tarjeta', '2023-12-17'),
(27, 357, 943.83, 'Tarjeta', '2023-08-22'),
(468, 358, 429.95, 'Tarjeta', '2023-12-20'),
(272, 359, 783.05, 'Efectivo', '2023-09-05'),
(26, 360, 538.58, 'Efectivo', '2023-05-01'),
(158, 361, 704.05, 'Tarjeta', '2023-02-17'),
(449, 362, 144.72, 'Tarjeta', '2023-04-10'),
(322, 363, 626.57, 'Tarjeta', '2023-04-15'),
(99, 364, 507.12, 'Efectivo', '2023-12-08'),
(195, 365, 870.05, 'Efectivo', '2023-05-24'),
(89, 366, 201.32, 'Efectivo', '2023-08-05'),
(257, 367, 770.53, 'Efectivo', '2023-09-22'),
(157, 368, 269.73, 'Tarjeta', '2023-03-08'),
(457, 369, 301.87, 'Tarjeta', '2023-11-09'),
(212, 370, 166.01, 'Efectivo', '2023-12-03'),
(212, 371, 226.04, 'Tarjeta', '2023-08-23'),
(418, 372, 243.51, 'Efectivo', '2023-07-01'),
(179, 373, 164.30, 'Efectivo', '2023-01-10'),
(425, 374, 932.30, 'Efectivo', '2023-05-19'),
(68, 375, 308.81, 'Tarjeta', '2023-10-21'),
(113, 376, 661.54, 'Efectivo', '2023-06-21'),
(280, 377, 819.75, 'Efectivo', '2023-06-21'),
(424, 378, 572.44, 'Tarjeta', '2023-08-05'),
(220, 379, 607.54, 'Tarjeta', '2023-05-14'),
(17, 380, 735.89, 'Tarjeta', '2023-04-27'),
(124, 381, 565.17, 'Tarjeta', '2023-09-02'),
(435, 382, 885.46, 'Efectivo', '2023-09-21'),
(206, 383, 359.79, 'Tarjeta', '2023-04-18'),
(330, 384, 436.69, 'Tarjeta', '2023-05-09'),
(146, 385, 867.62, 'Efectivo', '2023-02-12'),
(178, 386, 829.52, 'Tarjeta', '2023-09-06'),
(216, 387, 565.29, 'Efectivo', '2023-02-22'),
(149, 388, 868.82, 'Tarjeta', '2023-04-19'),
(177, 389, 846.55, 'Tarjeta', '2023-06-10'),
(341, 390, 743.72, 'Efectivo', '2023-03-12'),
(307, 391, 639.87, 'Efectivo', '2023-11-27'),
(265, 392, 589.58, 'Efectivo', '2023-03-06'),
(440, 393, 471.39, 'Efectivo', '2023-01-11'),
(301, 394, 773.96, 'Efectivo', '2023-09-06'),
(476, 395, 582.92, 'Tarjeta', '2023-10-26'),
(456, 396, 156.44, 'Efectivo', '2023-12-02'),
(43, 397, 434.87, 'Efectivo', '2023-07-10'),
(165, 398, 347.01, 'Tarjeta', '2023-04-01'),
(288, 399, 974.35, 'Efectivo', '2023-02-04'),
(267, 400, 920.72, 'Efectivo', '2023-04-24'),
(350, 401, 213.31, 'Efectivo', '2023-01-22'),
(90, 402, 895.87, 'Efectivo', '2023-07-01'),
(231, 403, 100.95, 'Efectivo', '2023-01-13'),
(143, 404, 602.07, 'Tarjeta', '2023-03-06'),
(86, 405, 194.93, 'Tarjeta', '2023-08-17'),
(169, 406, 751.84, 'Tarjeta', '2023-07-13'),
(107, 407, 438.20, 'Efectivo', '2023-10-02'),
(398, 408, 217.02, 'Tarjeta', '2023-07-27'),
(355, 409, 253.11, 'Efectivo', '2023-07-04'),
(418, 410, 856.76, 'Tarjeta', '2023-03-11'),
(351, 411, 398.41, 'Efectivo', '2023-10-03'),
(260, 412, 781.95, 'Efectivo', '2023-12-09'),
(454, 413, 376.04, 'Efectivo', '2023-05-11'),
(107, 414, 264.45, 'Efectivo', '2023-08-17'),
(418, 415, 995.57, 'Efectivo', '2023-06-25'),
(425, 416, 292.18, 'Tarjeta', '2023-12-17'),
(381, 417, 923.44, 'Efectivo', '2023-03-23'),
(428, 418, 323.13, 'Efectivo', '2023-07-12'),
(413, 419, 895.82, 'Tarjeta', '2023-09-01'),
(403, 420, 842.22, 'Tarjeta', '2023-04-19'),
(160, 421, 834.02, 'Tarjeta', '2023-02-22'),
(220, 422, 648.42, 'Efectivo', '2023-11-09'),
(372, 423, 682.85, 'Tarjeta', '2023-07-20'),
(453, 424, 360.39, 'Efectivo', '2023-06-09'),
(326, 425, 223.65, 'Efectivo', '2023-07-17'),
(148, 426, 889.35, 'Efectivo', '2023-02-28'),
(187, 427, 594.27, 'Tarjeta', '2023-10-09'),
(130, 428, 972.45, 'Tarjeta', '2023-05-20'),
(311, 429, 873.89, 'Tarjeta', '2023-12-07'),
(452, 430, 592.92, 'Tarjeta', '2023-08-28'),
(184, 431, 321.38, 'Efectivo', '2023-04-02'),
(357, 432, 461.75, 'Efectivo', '2023-10-26'),
(211, 433, 509.03, 'Efectivo', '2023-10-03'),
(85, 434, 793.28, 'Efectivo', '2023-11-14'),
(129, 435, 805.15, 'Efectivo', '2023-04-18'),
(196, 436, 459.07, 'Efectivo', '2023-10-19'),
(387, 437, 936.69, 'Tarjeta', '2023-12-17'),
(414, 438, 972.69, 'Efectivo', '2023-10-25'),
(172, 439, 186.56, 'Efectivo', '2023-01-21'),
(203, 440, 377.50, 'Tarjeta', '2023-11-18'),
(99, 441, 408.14, 'Tarjeta', '2023-09-08'),
(411, 442, 570.10, 'Tarjeta', '2023-07-26'),
(278, 443, 531.91, 'Tarjeta', '2023-03-18'),
(234, 444, 499.03, 'Efectivo', '2023-05-17'),
(280, 445, 577.95, 'Tarjeta', '2023-11-06'),
(36, 446, 136.33, 'Tarjeta', '2023-11-27'),
(305, 447, 626.10, 'Tarjeta', '2023-08-20'),
(50, 448, 971.75, 'Efectivo', '2023-02-09'),
(347, 449, 562.19, 'Tarjeta', '2023-01-03'),
(130, 450, 917.34, 'Tarjeta', '2023-04-26'),
(444, 451, 327.87, 'Tarjeta', '2023-09-02'),
(184, 452, 381.13, 'Efectivo', '2023-11-13'),
(347, 453, 630.31, 'Tarjeta', '2023-03-14'),
(255, 454, 254.37, 'Tarjeta', '2023-03-24'),
(95, 455, 931.96, 'Tarjeta', '2023-11-20'),
(211, 456, 959.20, 'Tarjeta', '2023-02-20'),
(483, 457, 257.37, 'Efectivo', '2023-07-02'),
(147, 458, 758.29, 'Tarjeta', '2023-04-28'),
(315, 459, 509.58, 'Efectivo', '2023-05-16'),
(189, 460, 513.66, 'Tarjeta', '2023-02-17'),
(354, 461, 877.48, 'Tarjeta', '2023-09-23'),
(59, 462, 685.49, 'Tarjeta', '2023-12-13'),
(290, 463, 918.49, 'Tarjeta', '2023-04-23'),
(319, 464, 520.76, 'Tarjeta', '2023-07-09'),
(120, 465, 200.86, 'Efectivo', '2023-11-10'),
(307, 466, 109.16, 'Efectivo', '2023-09-02'),
(24, 467, 715.50, 'Efectivo', '2023-04-04'),
(424, 468, 262.70, 'Tarjeta', '2023-03-28'),
(462, 469, 411.32, 'Efectivo', '2023-07-11'),
(265, 470, 324.72, 'Tarjeta', '2023-08-05'),
(237, 471, 711.17, 'Efectivo', '2023-03-09'),
(404, 472, 299.98, 'Efectivo', '2023-05-14'),
(452, 473, 825.35, 'Efectivo', '2023-08-17'),
(239, 474, 186.82, 'Efectivo', '2023-04-02'),
(399, 475, 269.38, 'Tarjeta', '2023-08-28'),
(57, 476, 283.03, 'Tarjeta', '2023-07-08'),
(170, 477, 167.38, 'Efectivo', '2023-04-09'),
(333, 478, 841.91, 'Tarjeta', '2023-06-28'),
(405, 479, 406.48, 'Efectivo', '2023-11-24'),
(372, 480, 140.08, 'Tarjeta', '2023-06-03'),
(348, 481, 660.42, 'Tarjeta', '2023-06-01'),
(95, 482, 943.97, 'Efectivo', '2023-04-11'),
(86, 483, 620.48, 'Efectivo', '2023-08-10'),
(124, 484, 268.80, 'Efectivo', '2023-04-17'),
(263, 485, 785.83, 'Efectivo', '2023-12-12'),
(493, 486, 120.90, 'Efectivo', '2023-01-26'),
(121, 487, 495.97, 'Tarjeta', '2023-03-10'),
(187, 488, 818.38, 'Tarjeta', '2023-07-02'),
(459, 489, 694.83, 'Efectivo', '2023-01-02'),
(379, 490, 358.29, 'Efectivo', '2023-04-25'),
(92, 491, 698.63, 'Tarjeta', '2023-11-08'),
(231, 492, 198.12, 'Efectivo', '2023-12-01'),
(361, 493, 575.32, 'Tarjeta', '2023-09-02'),
(281, 494, 898.99, 'Tarjeta', '2023-01-26'),
(210, 495, 498.08, 'Efectivo', '2023-06-15'),
(445, 496, 295.70, 'Tarjeta', '2023-10-02'),
(271, 497, 655.07, 'Tarjeta', '2023-08-23'),
(417, 498, 403.19, 'Tarjeta', '2023-06-17'),
(457, 499, 473.43, 'Tarjeta', '2023-10-12'),
(272, 500, 214.83, 'Efectivo', '2023-05-26');


-- Tabla: Nominas
INSERT INTO `nomina` (`mes_año`, `id_empleado`, `horas_trabajadas`, `salario`, `fecha_pago`) 
VALUES
('01-2024', 1, 160, 5000, '2024-01-31 12:00:00'),
('02-2024', 1, 155, 4900, '2024-02-29 12:00:00'),
('03-2024', 1, 170, 5100, '2024-03-31 12:00:00'),
('04-2024', 1, 165, 5050, '2024-04-30 12:00:00'),
('05-2024', 1, 150, 4850, '2024-05-31 12:00:00'),
('01-2024', 2, 180, 5500, '2024-01-31 12:00:00'),
('02-2024', 2, 175, 5400, '2024-02-29 12:00:00'),
('03-2024', 2, 185, 5600, '2024-03-31 12:00:00'),
('04-2024', 2, 170, 5450, '2024-04-30 12:00:00'),
('05-2024', 2, 165, 5350, '2024-05-31 12:00:00'),
('01-2024', 3, 150, 4800, '2024-01-31 12:00:00'),
('02-2024', 3, 145, 4700, '2024-02-29 12:00:00'),
('03-2024', 3, 155, 4900, '2024-03-31 12:00:00'),
('04-2024', 3, 160, 4950, '2024-04-30 12:00:00'),
('05-2024', 3, 140, 4650, '2024-05-31 12:00:00'),
('01-2024', 4, 190, 7000, '2024-01-31 12:00:00'),
('02-2024', 4, 185, 6900, '2024-02-29 12:00:00'),
('03-2024', 4, 195, 7100, '2024-03-31 12:00:00'),
('04-2024', 4, 180, 6950, '2024-04-30 12:00:00'),
('05-2024', 4, 175, 6850, '2024-05-31 12:00:00'),
('01-2024', 5, 160, 5100, '2024-01-31 12:00:00'),
('02-2024', 5, 155, 5000, '2024-02-29 12:00:00'),
('03-2024', 5, 165, 5200, '2024-03-31 12:00:00'),
('04-2024', 5, 170, 5250, '2024-04-30 12:00:00'),
('05-2024', 5, 150, 4950, '2024-05-31 12:00:00'),
('01-2024', 6, 170, 5400, '2024-01-31 12:00:00'),
('02-2024', 6, 165, 5300, '2024-02-29 12:00:00'),
('03-2024', 6, 175, 5500, '2024-03-31 12:00:00'),
('04-2024', 6, 180, 5550, '2024-04-30 12:00:00'),
('05-2024', 6, 160, 5250, '2024-05-31 12:00:00'),
('01-2024', 7, 155, 4700, '2024-01-31 12:00:00'),
('02-2024', 7, 150, 4600, '2024-02-29 12:00:00'),
('03-2024', 7, 160, 4800, '2024-03-31 12:00:00'),
('04-2024', 7, 165, 4850, '2024-04-30 12:00:00'),
('05-2024', 7, 145, 4550, '2024-05-31 12:00:00'),
('01-2024', 8, 180, 6800, '2024-01-31 12:00:00'),
('02-2024', 8, 175, 6700, '2024-02-29 12:00:00'),
('03-2024', 8, 185, 6900, '2024-03-31 12:00:00'),
('04-2024', 8, 190, 6950, '2024-04-30 12:00:00'),
('05-2024', 8, 170, 6650, '2024-05-31 12:00:00'),
('01-2024', 9, 165, 5200, '2024-01-31 12:00:00'),
('02-2024', 9, 160, 5100, '2024-02-29 12:00:00'),
('03-2024', 9, 170, 5300, '2024-03-31 12:00:00'),
('04-2024', 9, 175, 5350, '2024-04-30 12:00:00'),
('05-2024', 9, 155, 5050, '2024-05-31 12:00:00'),
('01-2024', 10, 175, 5600, '2024-01-31 12:00:00'),
('02-2024', 10, 170, 5500, '2024-02-29 12:00:00'),
('03-2024', 10, 180, 5700, '2024-03-31 12:00:00'),
('04-2024', 10, 185, 5750, '2024-04-30 12:00:00'),
('05-2024', 10, 165, 5450, '2024-05-31 12:00:00'),
('01-2024', 11, 160, 4900, '2024-01-31 12:00:00'),
('02-2024', 11, 155, 4800, '2024-02-29 12:00:00'),
('03-2024', 11, 165, 5000, '2024-03-31 12:00:00'),
('04-2024', 11, 170, 5050, '2024-04-30 12:00:00'),
('05-2024', 11, 150, 4750, '2024-05-31 12:00:00'),
('01-2024', 12, 185, 7100, '2024-01-31 12:00:00'),
('02-2024', 12, 180, 7000, '2024-02-29 12:00:00'),
('03-2024', 12, 190, 7200, '2024-03-31 12:00:00'),
('04-2024', 12, 195, 7250, '2024-04-30 12:00:00'),
('05-2024', 12, 175, 6950, '2024-05-31 12:00:00'),
('01-2024', 13, 155, 5000, '2024-01-31 12:00:00'),
('02-2024', 13, 150, 4900, '2024-02-29 12:00:00'),
('03-2024', 13, 160, 5100, '2024-03-31 12:00:00'),
('04-2024', 13, 165, 5150, '2024-04-30 12:00:00'),
('05-2024', 13, 145, 4850, '2024-05-31 12:00:00'),
('01-2024', 14, 180, 5700, '2024-01-31 12:00:00'),
('02-2024', 14, 175, 5600, '2024-02-29 12:00:00'),
('03-2024', 14, 185, 5800, '2024-03-31 12:00:00'),
('04-2024', 14, 190, 5850, '2024-04-30 12:00:00'),
('05-2024', 14, 170, 5550, '2024-05-31 12:00:00'),
('01-2024', 15, 150, 4600, '2024-01-31 12:00:00'),
('02-2024', 15, 145, 4500, '2024-02-29 12:00:00'),
('03-2024', 15, 155, 4700, '2024-03-31 12:00:00'),
('04-2024', 15, 160, 4750, '2024-04-30 12:00:00'),
('05-2024', 15, 140, 4450, '2024-05-31 12:00:00'),
('01-2024', 16, 190, 7200, '2024-01-31 12:00:00'),
('02-2024', 16, 185, 7100, '2024-02-29 12:00:00'),
('03-2024', 16, 195, 7300, '2024-03-31 12:00:00'),
('04-2024', 16, 200, 7350, '2024-04-30 12:00:00'),
('05-2024', 16, 180, 7050, '2024-05-31 12:00:00'),
('01-2024', 17, 160, 5100, '2024-01-31 12:00:00'),
('02-2024', 17, 155, 5000, '2024-02-29 12:00:00'),
('03-2024', 17, 165, 5200, '2024-03-31 12:00:00'),
('04-2024', 17, 170, 5250, '2024-04-30 12:00:00'),
('05-2024', 17, 150, 4950, '2024-05-31 12:00:00'),
('01-2024', 18, 175, 5600, '2024-01-31 12:00:00'),
('02-2024', 18, 170, 5500, '2024-02-29 12:00:00'),
('03-2024', 18, 180, 5700, '2024-03-31 12:00:00'),
('04-2024', 18, 185, 5750, '2024-04-30 12:00:00'),
('05-2024', 18, 165, 5450, '2024-05-31 12:00:00'),
('01-2024', 19, 150, 4700, '2024-01-31 12:00:00'),
('02-2024', 19, 145, 4600, '2024-02-29 12:00:00'),
('03-2024', 19, 155, 4800, '2024-03-31 12:00:00'),
('04-2024', 19, 160, 4850, '2024-04-30 12:00:00'),
('05-2024', 19, 140, 4550, '2024-05-31 12:00:00'),
('01-2024', 20, 185, 6900, '2024-01-31 12:00:00'),
('02-2024', 20, 180, 6800, '2024-02-29 12:00:00'),
('03-2024', 20, 190, 7000, '2024-03-31 12:00:00'),
('04-2024', 20, 195, 7050, '2024-04-30 12:00:00'),
('05-2024', 20, 175, 6750, '2024-05-31 12:00:00'),
('01-2024', 21, 165, 5200, '2024-01-31 12:00:00'),
('02-2024', 21, 160, 5100, '2024-02-29 12:00:00'),
('03-2024', 21, 170, 5300, '2024-03-31 12:00:00'),
('04-2024', 21, 175, 5350, '2024-04-30 12:00:00'),
('05-2024', 21, 155, 5050, '2024-05-31 12:00:00'),
('01-2024', 22, 175, 5500, '2024-01-31 12:00:00'),
('02-2024', 22, 170, 5400, '2024-02-29 12:00:00'),
('03-2024', 22, 180, 5600, '2024-03-31 12:00:00'),
('04-2024', 22, 185, 5650, '2024-04-30 12:00:00'),
('05-2024', 22, 165, 5350, '2024-05-31 12:00:00'),
('01-2024', 23, 150, 4800, '2024-01-31 12:00:00'),
('02-2024', 23, 145, 4700, '2024-02-29 12:00:00'),
('03-2024', 23, 155, 4900, '2024-03-31 12:00:00'),
('04-2024', 23, 160, 4950, '2024-04-30 12:00:00'),
('05-2024', 23, 140, 4650, '2024-05-31 12:00:00'),
('01-2024', 24, 190, 7000, '2024-01-31 12:00:00'),
('02-2024', 24, 185, 6900, '2024-02-29 12:00:00'),
('03-2024', 24, 195, 7100, '2024-03-31 12:00:00'),
('04-2024', 24, 200, 7150, '2024-04-30 12:00:00'),
('05-2024', 24, 180, 6850, '2024-05-31 12:00:00'),
('01-2024', 25, 160, 5100, '2024-01-31 12:00:00'),
('02-2024', 25, 155, 5000, '2024-02-29 12:00:00'),
('03-2024', 25, 165, 5200, '2024-03-31 12:00:00'),
('04-2024', 25, 170, 5250, '2024-04-30 12:00:00'),
('05-2024', 25, 150, 4950, '2024-05-31 12:00:00'),
('01-2024', 26, 175, 5600, '2024-01-31 12:00:00'),
('02-2024', 26, 170, 5500, '2024-02-29 12:00:00'),
('03-2024', 26, 180, 5700, '2024-03-31 12:00:00'),
('04-2024', 26, 185, 5750, '2024-04-30 12:00:00'),
('05-2024', 26, 165, 5450, '2024-05-31 12:00:00'),
('01-2024', 27, 150, 4700, '2024-01-31 12:00:00'),
('02-2024', 27, 145, 4600, '2024-02-29 12:00:00'),
('03-2024', 27, 155, 4800, '2024-03-31 12:00:00'),
('04-2024', 27, 160, 4850, '2024-04-30 12:00:00'),
('05-2024', 27, 140, 4550, '2024-05-31 12:00:00'),
('01-2024', 28, 190, 7000, '2024-01-31 12:00:00'),
('02-2024', 28, 185, 6900, '2024-02-29 12:00:00'),
('03-2024', 28, 195, 7100, '2024-03-31 12:00:00'),
('04-2024', 28, 200, 7150, '2024-04-30 12:00:00'),
('05-2024', 28, 180, 6850, '2024-05-31 12:00:00'),
('01-2024', 29, 165, 5200, '2024-01-31 12:00:00'),
('02-2024', 29, 160, 5100, '2024-02-29 12:00:00'),
('03-2024', 29, 170, 5300, '2024-03-31 12:00:00'),
('04-2024', 29, 175, 5350, '2024-04-30 12:00:00'),
('05-2024', 29, 155, 5050, '2024-05-31 12:00:00'),
('01-2024', 30, 175, 5500, '2024-01-31 12:00:00'),
('02-2024', 30, 170, 5400, '2024-02-29 12:00:00'),
('03-2024', 30, 180, 5600, '2024-03-31 12:00:00'),
('04-2024', 30, 185, 5650, '2024-04-30 12:00:00'),
('05-2024', 30, 165, 5350, '2024-05-31 12:00:00'),
('01-2024', 31, 150, 4800, '2024-01-31 12:00:00'),
('02-2024', 31, 145, 4700, '2024-02-29 12:00:00'),
('03-2024', 31, 155, 4900, '2024-03-31 12:00:00'),
('04-2024', 31, 160, 4950, '2024-04-30 12:00:00'),
('05-2024', 31, 140, 4650, '2024-05-31 12:00:00'),
('01-2024', 32, 190, 7000, '2024-01-31 12:00:00'),
('02-2024', 32, 185, 6900, '2024-02-29 12:00:00'),
('03-2024', 32, 195, 7100, '2024-03-31 12:00:00'),
('04-2024', 32, 200, 7150, '2024-04-30 12:00:00'),
('05-2024', 32, 180, 6850, '2024-05-31 12:00:00'),
('01-2024', 33, 165, 5200, '2024-01-31 12:00:00'),
('02-2024', 33, 160, 5100, '2024-02-29 12:00:00'),
('03-2024', 33, 170, 5300, '2024-03-31 12:00:00'),
('04-2024', 33, 175, 5350, '2024-04-30 12:00:00'),
('05-2024', 33, 155, 5050, '2024-05-31 12:00:00'),
('01-2024', 34, 175, 5500, '2024-01-31 12:00:00'),
('02-2024', 34, 170, 5400, '2024-02-29 12:00:00'),
('03-2024', 34, 180, 5600, '2024-03-31 12:00:00'),
('04-2024', 34, 185, 5650, '2024-04-30 12:00:00'),
('05-2024', 34, 165, 5350, '2024-05-31 12:00:00'),
('01-2024', 35, 150, 4800, '2024-01-31 12:00:00'),
('02-2024', 35, 145, 4700, '2024-02-29 12:00:00'),
('03-2024', 35, 155, 4900, '2024-03-31 12:00:00'),
('04-2024', 35, 160, 4950, '2024-04-30 12:00:00'),
('05-2024', 35, 140, 4650, '2024-05-31 12:00:00'),
('01-2024', 36, 190, 7000, '2024-01-31 12:00:00'),
('02-2024', 36, 185, 6900, '2024-02-29 12:00:00'),
('03-2024', 36, 195, 7100, '2024-03-31 12:00:00'),
('04-2024', 36, 200, 7150, '2024-04-30 12:00:00'),
('05-2024', 36, 180, 6850, '2024-05-31 12:00:00'),
('01-2024', 37, 165, 5200, '2024-01-31 12:00:00'),
('02-2024', 37, 160, 5100, '2024-02-29 12:00:00'),
('03-2024', 37, 170, 5300, '2024-03-31 12:00:00'),
('04-2024', 37, 175, 5350, '2024-04-30 12:00:00'),
('05-2024', 37, 155, 5050, '2024-05-31 12:00:00'),
('01-2024', 38, 175, 5500, '2024-01-31 12:00:00'),
('02-2024', 38, 170, 5400, '2024-02-29 12:00:00'),
('03-2024', 38, 180, 5600, '2024-03-31 12:00:00'),
('04-2024', 38, 185, 5650, '2024-04-30 12:00:00'),
('05-2024', 38, 165, 5350, '2024-05-31 12:00:00'),
('01-2024', 39, 150, 4800, '2024-01-31 12:00:00'),
('02-2024', 39, 145, 4700, '2024-02-29 12:00:00'),
('03-2024', 39, 155, 4900, '2024-03-31 12:00:00'),
('04-2024', 39, 160, 4950, '2024-04-30 12:00:00'),
('05-2024', 39, 140, 4650, '2024-05-31 12:00:00'),
('01-2024', 40, 190, 7000, '2024-01-31 12:00:00'),
('02-2024', 40, 185, 6900, '2024-02-29 12:00:00'),
('03-2024', 40, 195, 7100, '2024-03-31 12:00:00'),
('04-2024', 40, 200, 7150, '2024-04-30 12:00:00'),
('05-2024', 40, 180, 6850, '2024-05-31 12:00:00'),
('01-2024', 41, 165, 5200, '2024-01-31 12:00:00'),
('02-2024', 41, 160, 5100, '2024-02-29 12:00:00'),
('03-2024', 41, 170, 5300, '2024-03-31 12:00:00'),
('04-2024', 41, 175, 5350, '2024-04-30 12:00:00'),
('05-2024', 41, 155, 5050, '2024-05-31 12:00:00'),
('01-2024', 42, 175, 5500, '2024-01-31 12:00:00'),
('02-2024', 42, 170, 5400, '2024-02-29 12:00:00'),
('03-2024', 42, 180, 5600, '2024-03-31 12:00:00'),
('04-2024', 42, 185, 5650, '2024-04-30 12:00:00'),
('05-2024', 42, 165, 5350, '2024-05-31 12:00:00'),
('01-2024', 43, 150, 4800, '2024-01-31 12:00:00'),
('02-2024', 43, 145, 4700, '2024-02-29 12:00:00'),
('03-2024', 43, 155, 4900, '2024-03-31 12:00:00'),
('04-2024', 43, 160, 4950, '2024-04-30 12:00:00'),
('05-2024', 43, 140, 4650, '2024-05-31 12:00:00'),
('01-2024', 44, 190, 7000, '2024-01-31 12:00:00'),
('02-2024', 44, 185, 6900, '2024-02-29 12:00:00'),
('03-2024', 44, 195, 7100, '2024-03-31 12:00:00'),
('04-2024', 44, 200, 7150, '2024-04-30 12:00:00'),
('05-2024', 44, 180, 6850, '2024-05-31 12:00:00'),
('01-2024', 45, 165, 5200, '2024-01-31 12:00:00'),
('02-2024', 45, 160, 5100, '2024-02-29 12:00:00'),
('03-2024', 45, 170, 5300, '2024-03-31 12:00:00'),
('04-2024', 45, 175, 5350, '2024-04-30 12:00:00'),
('05-2024', 45, 155, 5050, '2024-05-31 12:00:00'),
('01-2024', 46, 175, 5500, '2024-01-31 12:00:00'),
('02-2024', 46, 170, 5400, '2024-02-29 12:00:00'),
('03-2024', 46, 180, 5600, '2024-03-31 12:00:00'),
('04-2024', 46, 185, 5650, '2024-04-30 12:00:00'),
('05-2024', 46, 165, 5350, '2024-05-31 12:00:00'),
('01-2024', 47, 150, 4800, '2024-01-31 12:00:00'),
('02-2024', 47, 145, 4700, '2024-02-29 12:00:00'),
('03-2024', 47, 155, 4900, '2024-03-31 12:00:00'),
('04-2024', 47, 160, 4950, '2024-04-30 12:00:00'),
('05-2024', 47, 140, 4650, '2024-05-31 12:00:00'),
('01-2024', 48, 190, 7000, '2024-01-31 12:00:00'),
('02-2024', 48, 185, 6900, '2024-02-29 12:00:00'),
('03-2024', 48, 195, 7100, '2024-03-31 12:00:00'),
('04-2024', 48, 200, 7150, '2024-04-30 12:00:00'),
('05-2024', 48, 180, 6850, '2024-05-31 12:00:00'),
('01-2024', 49, 165, 5200, '2024-01-31 12:00:00'),
('02-2024', 49, 160, 5100, '2024-02-29 12:00:00'),
('03-2024', 49, 170, 5300, '2024-03-31 12:00:00'),
('04-2024', 49, 175, 5350, '2024-04-30 12:00:00'),
('05-2024', 49, 155, 5050, '2024-05-31 12:00:00'),
('01-2024', 50, 175, 5500, '2024-01-31 12:00:00'),
('02-2024', 50, 170, 5400, '2024-02-29 12:00:00'),
('03-2024', 50, 180, 5600, '2024-03-31 12:00:00'),
('04-2024', 50, 185, 5650, '2024-04-30 12:00:00'),
('05-2024', 50, 165, 5350, '2024-05-31 12:00:00'),
('01-2024', 51, 160, 4900, '2024-01-31 12:00:00'),
('02-2024', 51, 155, 4800, '2024-02-29 12:00:00'),
('03-2024', 51, 165, 5000, '2024-03-31 12:00:00'),
('04-2024', 51, 170, 5050, '2024-04-30 12:00:00'),
('05-2024', 51, 150, 4750, '2024-05-31 12:00:00'),
('01-2024', 52, 185, 7100, '2024-01-31 12:00:00'),
('02-2024', 52, 180, 7000, '2024-02-29 12:00:00'),
('03-2024', 52, 190, 7200, '2024-03-31 12:00:00'),
('04-2024', 52, 195, 7250, '2024-04-30 12:00:00'),
('05-2024', 52, 175, 6950, '2024-05-31 12:00:00'),
('01-2024', 53, 155, 5000, '2024-01-31 12:00:00'),
('02-2024', 53, 150, 4900, '2024-02-29 12:00:00'),
('03-2024', 53, 160, 5100, '2024-03-31 12:00:00'),
('04-2024', 53, 165, 5150, '2024-04-30 12:00:00'),
('05-2024', 53, 145, 4850, '2024-05-31 12:00:00'),
('01-2024', 54, 180, 5700, '2024-01-31 12:00:00'),
('02-2024', 54, 175, 5600, '2024-02-29 12:00:00'),
('03-2024', 54, 185, 5800, '2024-03-31 12:00:00'),
('04-2024', 54, 190, 5850, '2024-04-30 12:00:00'),
('05-2024', 54, 170, 5550, '2024-05-31 12:00:00'),
('01-2024', 55, 150, 4600, '2024-01-31 12:00:00'),
('02-2024', 55, 145, 4500, '2024-02-29 12:00:00'),
('03-2024', 55, 155, 4700, '2024-03-31 12:00:00'),
('04-2024', 55, 160, 4750, '2024-04-30 12:00:00'),
('05-2024', 55, 140, 4450, '2024-05-31 12:00:00'),
('01-2024', 56, 190, 7200, '2024-01-31 12:00:00'),
('02-2024', 56, 185, 7100, '2024-02-29 12:00:00'),
('03-2024', 56, 195, 7300, '2024-03-31 12:00:00'),
('04-2024', 56, 200, 7350, '2024-04-30 12:00:00'),
('05-2024', 56, 180, 7050, '2024-05-31 12:00:00'),
('01-2024', 57, 160, 5100, '2024-01-31 12:00:00'),
('02-2024', 57, 155, 5000, '2024-02-29 12:00:00'),
('03-2024', 57, 165, 5200, '2024-03-31 12:00:00'),
('04-2024', 57, 170, 5250, '2024-04-30 12:00:00'),
('05-2024', 57, 150, 4950, '2024-05-31 12:00:00'),
('01-2024', 58, 175, 5600, '2024-01-31 12:00:00'),
('02-2024', 58, 170, 5500, '2024-02-29 12:00:00'),
('03-2024', 58, 180, 5700, '2024-03-31 12:00:00'),
('04-2024', 58, 185, 5750, '2024-04-30 12:00:00'),
('05-2024', 58, 165, 5450, '2024-05-31 12:00:00'),
('01-2024', 59, 150, 4700, '2024-01-31 12:00:00'),
('02-2024', 59, 145, 4600, '2024-02-29 12:00:00'),
('03-2024', 59, 155, 4800, '2024-03-31 12:00:00'),
('04-2024', 59, 160, 4850, '2024-04-30 12:00:00'),
('05-2024', 59, 140, 4550, '2024-05-31 12:00:00'),
('01-2024', 60, 185, 6900, '2024-01-31 12:00:00'),
('02-2024', 60, 180, 6800, '2024-02-29 12:00:00'),
('03-2024', 60, 190, 7000, '2024-03-31 12:00:00'),
('04-2024', 60, 195, 7050, '2024-04-30 12:00:00'),
('05-2024', 60, 175, 6750, '2024-05-31 12:00:00'),
('01-2024', 61, 165, 5200, '2024-01-31 12:00:00'),
('02-2024', 61, 160, 5100, '2024-02-29 12:00:00'),
('03-2024', 61, 170, 5300, '2024-03-31 12:00:00'),
('04-2024', 61, 175, 5350, '2024-04-30 12:00:00'),
('05-2024', 61, 155, 5050, '2024-05-31 12:00:00'),
('01-2024', 62, 175, 5500, '2024-01-31 12:00:00'),
('02-2024', 62, 170, 5400, '2024-02-29 12:00:00'),
('03-2024', 62, 180, 5600, '2024-03-31 12:00:00'),
('04-2024', 62, 185, 5650, '2024-04-30 12:00:00'),
('05-2024', 62, 165, 5350, '2024-05-31 12:00:00'),
('01-2024', 63, 150, 4800, '2024-01-31 12:00:00'),
('02-2024', 63, 145, 4700, '2024-02-29 12:00:00'),
('03-2024', 63, 155, 4900, '2024-03-31 12:00:00'),
('04-2024', 63, 160, 4950, '2024-04-30 12:00:00'),
('05-2024', 63, 140, 4650, '2024-05-31 12:00:00'),
('01-2024', 64, 190, 7000, '2024-01-31 12:00:00'),
('02-2024', 64, 185, 6900, '2024-02-29 12:00:00'),
('03-2024', 64, 195, 7100, '2024-03-31 12:00:00'),
('04-2024', 64, 200, 7150, '2024-04-30 12:00:00'),
('05-2024', 64, 180, 6850, '2024-05-31 12:00:00'),
('01-2024', 65, 165, 5200, '2024-01-31 12:00:00'),
('02-2024', 65, 160, 5100, '2024-02-29 12:00:00'),
('03-2024', 65, 170, 5300, '2024-03-31 12:00:00'),
('04-2024', 65, 175, 5350, '2024-04-30 12:00:00'),
('05-2024', 65, 155, 5050, '2024-05-31 12:00:00'),
('01-2024', 66, 175, 5500, '2024-01-31 12:00:00'),
('02-2024', 66, 170, 5400, '2024-02-29 12:00:00'),
('03-2024', 66, 180, 5600, '2024-03-31 12:00:00'),
('04-2024', 66, 185, 5650, '2024-04-30 12:00:00'),
('05-2024', 66, 165, 5350, '2024-05-31 12:00:00'),
('01-2024', 67, 150, 4800, '2024-01-31 12:00:00'),
('02-2024', 67, 145, 4700, '2024-02-29 12:00:00'),
('03-2024', 67, 155, 4900, '2024-03-31 12:00:00'),
('04-2024', 67, 160, 4950, '2024-04-30 12:00:00'),
('05-2024', 67, 140, 4650, '2024-05-31 12:00:00'),
('01-2024', 68, 190, 7000, '2024-01-31 12:00:00'),
('02-2024', 68, 185, 6900, '2024-02-29 12:00:00'),
('03-2024', 68, 195, 7100, '2024-03-31 12:00:00'),
('04-2024', 68, 200, 7150, '2024-04-30 12:00:00'),
('05-2024', 68, 180, 6850, '2024-05-31 12:00:00'),
('01-2024', 69, 165, 5200, '2024-01-31 12:00:00'),
('02-2024', 69, 160, 5100, '2024-02-29 12:00:00'),
('03-2024', 69, 170, 5300, '2024-03-31 12:00:00'),
('04-2024', 69, 175, 5350, '2024-04-30 12:00:00'),
('05-2024', 69, 155, 5050, '2024-05-31 12:00:00'),
('01-2024', 70, 175, 5500, '2024-01-31 12:00:00'),
('02-2024', 70, 170, 5400, '2024-02-29 12:00:00'),
('03-2024', 70, 180, 5600, '2024-03-31 12:00:00'),
('04-2024', 70, 185, 5650, '2024-04-30 12:00:00'),
('05-2024', 70, 165, 5350, '2024-05-31 12:00:00'),
('01-2024', 71, 150, 4800, '2024-01-31 12:00:00'),
('02-2024', 71, 145, 4700, '2024-02-29 12:00:00'),
('03-2024', 71, 155, 4900, '2024-03-31 12:00:00'),
('04-2024', 71, 160, 4950, '2024-04-30 12:00:00'),
('05-2024', 71, 140, 4650, '2024-05-31 12:00:00'),
('01-2024', 72, 190, 7000, '2024-01-31 12:00:00'),
('02-2024', 72, 185, 6900, '2024-02-29 12:00:00'),
('03-2024', 72, 195, 7100, '2024-03-31 12:00:00'),
('04-2024', 72, 200, 7150, '2024-04-30 12:00:00'),
('05-2024', 72, 180, 6850, '2024-05-31 12:00:00'),
('01-2024', 73, 165, 5200, '2024-01-31 12:00:00'),
('02-2024', 73, 160, 5100, '2024-02-29 12:00:00'),
('03-2024', 73, 170, 5300, '2024-03-31 12:00:00'),
('04-2024', 73, 175, 5350, '2024-04-30 12:00:00'),
('05-2024', 73, 155, 5050, '2024-05-31 12:00:00'),
('01-2024', 74, 175, 5500, '2024-01-31 12:00:00'),
('02-2024', 74, 170, 5400, '2024-02-29 12:00:00'),
('03-2024', 74, 180, 5600, '2024-03-31 12:00:00'),
('04-2024', 74, 185, 5650, '2024-04-30 12:00:00'),
('05-2024', 74, 165, 5350, '2024-05-31 12:00:00'),
('01-2024', 75, 150, 4800, '2024-01-31 12:00:00'),
('02-2024', 75, 145, 4700, '2024-02-29 12:00:00'),
('03-2024', 75, 155, 4900, '2024-03-31 12:00:00'),
('04-2024', 75, 160, 4950, '2024-04-30 12:00:00'),
('05-2024', 75, 140, 4650, '2024-05-31 12:00:00'),
('01-2024', 76, 190, 7000, '2024-01-31 12:00:00'),
('02-2024', 76, 185, 6900, '2024-02-29 12:00:00'),
('03-2024', 76, 195, 7100, '2024-03-31 12:00:00'),
('04-2024', 76, 200, 7150, '2024-04-30 12:00:00'),
('05-2024', 76, 180, 6850, '2024-05-31 12:00:00'),
('01-2024', 77, 165, 5200, '2024-01-31 12:00:00'),
('02-2024', 77, 160, 5100, '2024-02-29 12:00:00'),
('03-2024', 77, 170, 5300, '2024-03-31 12:00:00'),
('04-2024', 77, 175, 5350, '2024-04-30 12:00:00'),
('05-2024', 77, 155, 5050, '2024-05-31 12:00:00'),
('01-2024', 78, 175, 5500, '2024-01-31 12:00:00'),
('02-2024', 78, 170, 5400, '2024-02-29 12:00:00'),
('03-2024', 78, 180, 5600, '2024-03-31 12:00:00'),
('04-2024', 78, 185, 5650, '2024-04-30 12:00:00'),
('05-2024', 78, 165, 5350, '2024-05-31 12:00:00'),
('01-2024', 79, 150, 4800, '2024-01-31 12:00:00'),
('02-2024', 79, 145, 4700, '2024-02-29 12:00:00'),
('03-2024', 79, 155, 4900, '2024-03-31 12:00:00'),
('04-2024', 79, 160, 4950, '2024-04-30 12:00:00'),
('05-2024', 79, 140, 4650, '2024-05-31 12:00:00'),
('01-2024', 80, 190, 7000, '2024-01-31 12:00:00'),
('02-2024', 80, 185, 6900, '2024-02-29 12:00:00'),
('03-2024', 80, 195, 7100, '2024-03-31 12:00:00'),
('04-2024', 80, 200, 7150, '2024-04-30 12:00:00'),
('05-2024', 80, 180, 6850, '2024-05-31 12:00:00'),
('01-2024', 81, 165, 5200, '2024-01-31 12:00:00'),
('02-2024', 81, 160, 5100, '2024-02-29 12:00:00'),
('03-2024', 81, 170, 5300, '2024-03-31 12:00:00'),
('04-2024', 81, 175, 5350, '2024-04-30 12:00:00'),
('05-2024', 81, 155, 5050, '2024-05-31 12:00:00'),
('01-2024', 82, 175, 5500, '2024-01-31 12:00:00'),
('02-2024', 82, 170, 5400, '2024-02-29 12:00:00'),
('03-2024', 82, 180, 5600, '2024-03-31 12:00:00'),
('04-2024', 82, 185, 5650, '2024-04-30 12:00:00'),
('05-2024', 82, 165, 5350, '2024-05-31 12:00:00'),
('01-2024', 83, 150, 4800, '2024-01-31 12:00:00'),
('02-2024', 83, 145, 4700, '2024-02-29 12:00:00'),
('03-2024', 83, 155, 4900, '2024-03-31 12:00:00'),
('04-2024', 83, 160, 4950, '2024-04-30 12:00:00'),
('05-2024', 83, 140, 4650, '2024-05-31 12:00:00'),
('01-2024', 84, 190, 7000, '2024-01-31 12:00:00'),
('02-2024', 84, 185, 6900, '2024-02-29 12:00:00'),
('03-2024', 84, 195, 7100, '2024-03-31 12:00:00'),
('04-2024', 84, 200, 7150, '2024-04-30 12:00:00'),
('05-2024', 84, 180, 6850, '2024-05-31 12:00:00'),
('01-2024', 85, 165, 5200, '2024-01-31 12:00:00'),
('02-2024', 85, 160, 5100, '2024-02-29 12:00:00'),
('03-2024', 85, 170, 5300, '2024-03-31 12:00:00'),
('04-2024', 85, 175, 5350, '2024-04-30 12:00:00'),
('05-2024', 85, 155, 5050, '2024-05-31 12:00:00'),
('01-2024', 86, 175, 5500, '2024-01-31 12:00:00'),
('02-2024', 86, 170, 5400, '2024-02-29 12:00:00'),
('03-2024', 86, 180, 5600, '2024-03-31 12:00:00'),
('04-2024', 86, 185, 5650, '2024-04-30 12:00:00'),
('05-2024', 86, 165, 5350, '2024-05-31 12:00:00'),
('01-2024', 87, 150, 4800, '2024-01-31 12:00:00'),
('02-2024', 87, 145, 4700, '2024-02-29 12:00:00'),
('03-2024', 87, 155, 4900, '2024-03-31 12:00:00'),
('04-2024', 87, 160, 4950, '2024-04-30 12:00:00'),
('05-2024', 87, 140, 4650, '2024-05-31 12:00:00'),
('01-2024', 88, 190, 7000, '2024-01-31 12:00:00'),
('02-2024', 88, 185, 6900, '2024-02-29 12:00:00'),
('03-2024', 88, 195, 7100, '2024-03-31 12:00:00'),
('04-2024', 88, 200, 7150, '2024-04-30 12:00:00'),
('05-2024', 88, 180, 6850, '2024-05-31 12:00:00'),
('01-2024', 89, 165, 5200, '2024-01-31 12:00:00'),
('02-2024', 89, 160, 5100, '2024-02-29 12:00:00'),
('03-2024', 89, 170, 5300, '2024-03-31 12:00:00'),
('04-2024', 89, 175, 5350, '2024-04-30 12:00:00'),
('05-2024', 89, 155, 5050, '2024-05-31 12:00:00'),
('01-2024', 90, 175, 5500, '2024-01-31 12:00:00'),
('02-2024', 90, 170, 5400, '2024-02-29 12:00:00'),
('03-2024', 90, 180, 5600, '2024-03-31 12:00:00'),
('04-2024', 90, 185, 5650, '2024-04-30 12:00:00'),
('05-2024', 90, 165, 5350, '2024-05-31 12:00:00'),
('01-2024', 91, 150, 4800, '2024-01-31 12:00:00'),
('02-2024', 91, 145, 4700, '2024-02-29 12:00:00'),
('03-2024', 91, 155, 4900, '2024-03-31 12:00:00'),
('04-2024', 91, 160, 4950, '2024-04-30 12:00:00'),
('05-2024', 91, 140, 4650, '2024-05-31 12:00:00'),
('01-2024', 92, 190, 7000, '2024-01-31 12:00:00'),
('02-2024', 92, 185, 6900, '2024-02-29 12:00:00'),
('03-2024', 92, 195, 7100, '2024-03-31 12:00:00'),
('04-2024', 92, 200, 7150, '2024-04-30 12:00:00'),
('05-2024', 92, 180, 6850, '2024-05-31 12:00:00'),
('01-2024', 93, 165, 5200, '2024-01-31 12:00:00'),
('02-2024', 93, 160, 5100, '2024-02-29 12:00:00'),
('03-2024', 93, 170, 5300, '2024-03-31 12:00:00'),
('04-2024', 93, 175, 5350, '2024-04-30 12:00:00'),
('05-2024', 93, 155, 5050, '2024-05-31 12:00:00'),
('01-2024', 94, 175, 5500, '2024-01-31 12:00:00'),
('02-2024', 94, 170, 5400, '2024-02-29 12:00:00'),
('03-2024', 94, 180, 5600, '2024-03-31 12:00:00'),
('04-2024', 94, 185, 5650, '2024-04-30 12:00:00'),
('05-2024', 94, 165, 5350, '2024-05-31 12:00:00'),
('01-2024', 95, 150, 4800, '2024-01-31 12:00:00'),
('02-2024', 95, 145, 4700, '2024-02-29 12:00:00'),
('03-2024', 95, 155, 4900, '2024-03-31 12:00:00'),
('04-2024', 95, 160, 4950, '2024-04-30 12:00:00'),
('05-2024', 95, 140, 4650, '2024-05-31 12:00:00'),
('01-2024', 96, 190, 7000, '2024-01-31 12:00:00'),
('02-2024', 96, 185, 6900, '2024-02-29 12:00:00'),
('03-2024', 96, 195, 7100, '2024-03-31 12:00:00'),
('04-2024', 96, 200, 7150, '2024-04-30 12:00:00'),
('05-2024', 96, 180, 6850, '2024-05-31 12:00:00'),
('01-2024', 97, 165, 5200, '2024-01-31 12:00:00'),
('02-2024', 97, 160, 5100, '2024-02-29 12:00:00'),
('03-2024', 97, 170, 5300, '2024-03-31 12:00:00'),
('04-2024', 97, 175, 5350, '2024-04-30 12:00:00'),
('05-2024', 97, 155, 5050, '2024-05-31 12:00:00'),
('01-2024', 98, 175, 5500, '2024-01-31 12:00:00'),
('02-2024', 98, 170, 5400, '2024-02-29 12:00:00'),
('03-2024', 98, 180, 5600, '2024-03-31 12:00:00'),
('04-2024', 98, 185, 5650, '2024-04-30 12:00:00'),
('05-2024', 98, 165, 5350, '2024-05-31 12:00:00'),
('01-2024', 99, 150, 4800, '2024-01-31 12:00:00'),
('02-2024', 99, 145, 4700, '2024-02-29 12:00:00'),
('03-2024', 99, 155, 4900, '2024-03-31 12:00:00'),
('04-2024', 99, 160, 4950, '2024-04-30 12:00:00'),
('05-2024', 99, 140, 4650, '2024-05-31 12:00:00'),
('01-2024', 100, 190, 7000, '2024-01-31 12:00:00'),
('02-2024', 100, 185, 6900, '2024-02-29 12:00:00'),
('03-2024', 100, 195, 7100, '2024-03-31 12:00:00'),
('04-2024', 100, 200, 7150, '2024-04-30 12:00:00'),
('05-2024', 100, 180, 6850, '2024-05-31 12:00:00'),
('01-2024', 101, 160, 5100, '2024-01-31 12:00:00'),
('02-2024', 101, 155, 5000, '2024-02-29 12:00:00'),
('03-2024', 101, 165, 5200, '2024-03-31 12:00:00'),
('04-2024', 101, 170, 5250, '2024-04-30 12:00:00'),
('05-2024', 101, 150, 4950, '2024-05-31 12:00:00'),
('01-2024', 102, 175, 5600, '2024-01-31 12:00:00'),
('02-2024', 102, 170, 5500, '2024-02-29 12:00:00'),
('03-2024', 102, 180, 5700, '2024-03-31 12:00:00'),
('04-2024', 102, 185, 5750, '2024-04-30 12:00:00'),
('05-2024', 102, 165, 5450, '2024-05-31 12:00:00'),
('01-2024', 103, 150, 4700, '2024-01-31 12:00:00'),
('02-2024', 103, 145, 4600, '2024-02-29 12:00:00'),
('03-2024', 103, 155, 4800, '2024-03-31 12:00:00'),
('04-2024', 103, 160, 4850, '2024-04-30 12:00:00'),
('05-2024', 103, 140, 4550, '2024-05-31 12:00:00'),
('01-2024', 104, 190, 7000, '2024-01-31 12:00:00'),
('02-2024', 104, 185, 6900, '2024-02-29 12:00:00'),
('03-2024', 104, 195, 7100, '2024-03-31 12:00:00'),
('04-2024', 104, 200, 7150, '2024-04-30 12:00:00'),
('05-2024', 104, 180, 6850, '2024-05-31 12:00:00'),
('01-2024', 105, 165, 5200, '2024-01-31 12:00:00'),
('02-2024', 105, 160, 5100, '2024-02-29 12:00:00'),
('03-2024', 105, 170, 5300, '2024-03-31 12:00:00'),
('04-2024', 105, 175, 5350, '2024-04-30 12:00:00'),
('05-2024', 105, 155, 5050, '2024-05-31 12:00:00'),
('01-2024', 106, 175, 5500, '2024-01-31 12:00:00'),
('02-2024', 106, 170, 5400, '2024-02-29 12:00:00'),
('03-2024', 106, 180, 5600, '2024-03-31 12:00:00'),
('04-2024', 106, 185, 5650, '2024-04-30 12:00:00'),
('05-2024', 106, 165, 5350, '2024-05-31 12:00:00'),
('01-2024', 107, 150, 4800, '2024-01-31 12:00:00'),
('02-2024', 107, 145, 4700, '2024-02-29 12:00:00'),
('03-2024', 107, 155, 4900, '2024-03-31 12:00:00'),
('04-2024', 107, 160, 4950, '2024-04-30 12:00:00'),
('05-2024', 107, 140, 4650, '2024-05-31 12:00:00'),
('01-2024', 108, 190, 7200, '2024-01-31 12:00:00'),
('02-2024', 108, 185, 7100, '2024-02-29 12:00:00'),
('03-2024', 108, 195, 7300, '2024-03-31 12:00:00'),
('04-2024', 108, 200, 7350, '2024-04-30 12:00:00'),
('05-2024', 108, 180, 7050, '2024-05-31 12:00:00'),
('01-2024', 109, 160, 5100, '2024-01-31 12:00:00'),
('02-2024', 109, 155, 5000, '2024-02-29 12:00:00'),
('03-2024', 109, 165, 5200, '2024-03-31 12:00:00'),
('04-2024', 109, 170, 5250, '2024-04-30 12:00:00'),
('05-2024', 109, 150, 4950, '2024-05-31 12:00:00'),
('01-2024', 110, 175, 5600, '2024-01-31 12:00:00'),
('02-2024', 110, 170, 5500, '2024-02-29 12:00:00'),
('03-2024', 110, 180, 5700, '2024-03-31 12:00:00'),
('04-2024', 110, 185, 5750, '2024-04-30 12:00:00'),
('05-2024', 110, 165, 5450, '2024-05-31 12:00:00'),
('01-2024', 111, 150, 4700, '2024-01-31 12:00:00'),
('02-2024', 111, 145, 4600, '2024-02-29 12:00:00'),
('03-2024', 111, 155, 4800, '2024-03-31 12:00:00'),
('04-2024', 111, 160, 4850, '2024-04-30 12:00:00'),
('05-2024', 111, 140, 4550, '2024-05-31 12:00:00'),
('01-2024', 112, 185, 6900, '2024-01-31 12:00:00'),
('02-2024', 112, 180, 6800, '2024-02-29 12:00:00'),
('03-2024', 112, 190, 7000, '2024-03-31 12:00:00'),
('04-2024', 112, 195, 7050, '2024-04-30 12:00:00'),
('05-2024', 112, 175, 6750, '2024-05-31 12:00:00'),
('01-2024', 113, 165, 5200, '2024-01-31 12:00:00'),
('02-2024', 113, 160, 5100, '2024-02-29 12:00:00'),
('03-2024', 113, 170, 5300, '2024-03-31 12:00:00'),
('04-2024', 113, 175, 5350, '2024-04-30 12:00:00'),
('05-2024', 113, 155, 5050, '2024-05-31 12:00:00'),
('01-2024', 114, 175, 5500, '2024-01-31 12:00:00'),
('02-2024', 114, 170, 5400, '2024-02-29 12:00:00'),
('03-2024', 114, 180, 5600, '2024-03-31 12:00:00'),
('04-2024', 114, 185, 5650, '2024-04-30 12:00:00'),
('05-2024', 114, 165, 5350, '2024-05-31 12:00:00'),
('01-2024', 115, 150, 4800, '2024-01-31 12:00:00'),
('02-2024', 115, 145, 4700, '2024-02-29 12:00:00'),
('03-2024', 115, 155, 4900, '2024-03-31 12:00:00'),
('04-2024', 115, 160, 4950, '2024-04-30 12:00:00'),
('05-2024', 115, 140, 4650, '2024-05-31 12:00:00'),
('01-2024', 116, 190, 7000, '2024-01-31 12:00:00'),
('02-2024', 116, 185, 6900, '2024-02-29 12:00:00'),
('03-2024', 116, 195, 7100, '2024-03-31 12:00:00'),
('04-2024', 116, 200, 7150, '2024-04-30 12:00:00'),
('05-2024', 116, 180, 6850, '2024-05-31 12:00:00'),
('01-2024', 117, 160, 5100, '2024-01-31 12:00:00'),
('02-2024', 117, 155, 5000, '2024-02-29 12:00:00'),
('03-2024', 117, 165, 5200, '2024-03-31 12:00:00'),
('04-2024', 117, 170, 5250, '2024-04-30 12:00:00'),
('05-2024', 117, 150, 4950, '2024-05-31 12:00:00'),
('01-2024', 118, 175, 5600, '2024-01-31 12:00:00'),
('02-2024', 118, 170, 5500, '2024-02-29 12:00:00'),
('03-2024', 118, 180, 5700, '2024-03-31 12:00:00'),
('04-2024', 118, 185, 5750, '2024-04-30 12:00:00'),
('05-2024', 118, 165, 5450, '2024-05-31 12:00:00'),
('01-2024', 119, 150, 4700, '2024-01-31 12:00:00'),
('02-2024', 119, 145, 4600, '2024-02-29 12:00:00'),
('03-2024', 119, 155, 4800, '2024-03-31 12:00:00'),
('04-2024', 119, 160, 4850, '2024-04-30 12:00:00'),
('05-2024', 119, 140, 4550, '2024-05-31 12:00:00'),
('01-2024', 120, 185, 6900, '2024-01-31 12:00:00'),
('02-2024', 120, 180, 6800, '2024-02-29 12:00:00'),
('03-2024', 120, 190, 7000, '2024-03-31 12:00:00'),
('04-2024', 120, 195, 7050, '2024-04-30 12:00:00'),
('05-2024', 120, 175, 6750, '2024-05-31 12:00:00'),
('01-2024', 121, 165, 5200, '2024-01-31 12:00:00'),
('02-2024', 121, 160, 5100, '2024-02-29 12:00:00'),
('03-2024', 121, 170, 5300, '2024-03-31 12:00:00'),
('04-2024', 121, 175, 5350, '2024-04-30 12:00:00'),
('05-2024', 121, 155, 5050, '2024-05-31 12:00:00'),
('01-2024', 122, 175, 5500, '2024-01-31 12:00:00'),
('02-2024', 122, 170, 5400, '2024-02-29 12:00:00'),
('03-2024', 122, 180, 5600, '2024-03-31 12:00:00'),
('04-2024', 122, 185, 5650, '2024-04-30 12:00:00'),
('05-2024', 122, 165, 5350, '2024-05-31 12:00:00'),
('01-2024', 123, 150, 4800, '2024-01-31 12:00:00'),
('02-2024', 123, 145, 4700, '2024-02-29 12:00:00'),
('03-2024', 123, 155, 4900, '2024-03-31 12:00:00'),
('04-2024', 123, 160, 4950, '2024-04-30 12:00:00'),
('05-2024', 123, 140, 4650, '2024-05-31 12:00:00'),
('01-2024', 124, 190, 7000, '2024-01-31 12:00:00'),
('02-2024', 124, 185, 6900, '2024-02-29 12:00:00'),
('03-2024', 124, 195, 7100, '2024-03-31 12:00:00'),
('04-2024', 124, 200, 7150, '2024-04-30 12:00:00'),
('05-2024', 124, 180, 6850, '2024-05-31 12:00:00'),
('01-2024', 125, 160, 5100, '2024-01-31 12:00:00'),
('02-2024', 125, 155, 5000, '2024-02-29 12:00:00'),
('03-2024', 125, 165, 5200, '2024-03-31 12:00:00'),
('04-2024', 125, 170, 5250, '2024-04-30 12:00:00'),
('05-2024', 125, 150, 4950, '2024-05-31 12:00:00'),
('01-2024', 126, 175, 5600, '2024-01-31 12:00:00'),
('02-2024', 126, 170, 5500, '2024-02-29 12:00:00'),
('03-2024', 126, 180, 5700, '2024-03-31 12:00:00'),
('04-2024', 126, 185, 5750, '2024-04-30 12:00:00'),
('05-2024', 126, 165, 5450, '2024-05-31 12:00:00'),
('01-2024', 127, 150, 4700, '2024-01-31 12:00:00'),
('02-2024', 127, 145, 4600, '2024-02-29 12:00:00'),
('03-2024', 127, 155, 4800, '2024-03-31 12:00:00'),
('04-2024', 127, 160, 4850, '2024-04-30 12:00:00'),
('05-2024', 127, 140, 4550, '2024-05-31 12:00:00'),
('01-2024', 128, 185, 6900, '2024-01-31 12:00:00'),
('02-2024', 128, 180, 6800, '2024-02-29 12:00:00'),
('03-2024', 128, 190, 7000, '2024-03-31 12:00:00'),
('04-2024', 128, 195, 7050, '2024-04-30 12:00:00'),
('05-2024', 128, 175, 6750, '2024-05-31 12:00:00'),
('01-2024', 129, 165, 5200, '2024-01-31 12:00:00'),
('02-2024', 129, 160, 5100, '2024-02-29 12:00:00'),
('03-2024', 129, 170, 5300, '2024-03-31 12:00:00'),
('04-2024', 129, 175, 5350, '2024-04-30 12:00:00'),
('05-2024', 129, 155, 5050, '2024-05-31 12:00:00'),
('01-2024', 130, 175, 5500, '2024-01-31 12:00:00'),
('02-2024', 130, 170, 5400, '2024-02-29 12:00:00'),
('03-2024', 130, 180, 5600, '2024-03-31 12:00:00'),
('04-2024', 130, 185, 5650, '2024-04-30 12:00:00'),
('05-2024', 130, 165, 5350, '2024-05-31 12:00:00'),
('01-2024', 131, 150, 4800, '2024-01-31 12:00:00'),
('02-2024', 131, 145, 4700, '2024-02-29 12:00:00'),
('03-2024', 131, 155, 4900, '2024-03-31 12:00:00'),
('04-2024', 131, 160, 4950, '2024-04-30 12:00:00'),
('05-2024', 131, 140, 4650, '2024-05-31 12:00:00'),
('01-2024', 132, 190, 7000, '2024-01-31 12:00:00'),
('02-2024', 132, 185, 6900, '2024-02-29 12:00:00'),
('03-2024', 132, 195, 7100, '2024-03-31 12:00:00'),
('04-2024', 132, 200, 7150, '2024-04-30 12:00:00'),
('05-2024', 132, 180, 6850, '2024-05-31 12:00:00'),
('01-2024', 133, 160, 5100, '2024-01-31 12:00:00'),
('02-2024', 133, 155, 5000, '2024-02-29 12:00:00'),
('03-2024', 133, 165, 5200, '2024-03-31 12:00:00'),
('04-2024', 133, 170, 5250, '2024-04-30 12:00:00'),
('05-2024', 133, 150, 4950, '2024-05-31 12:00:00'),
('01-2024', 134, 175, 5600, '2024-01-31 12:00:00'),
('02-2024', 134, 170, 5500, '2024-02-29 12:00:00'),
('03-2024', 134, 180, 5700, '2024-03-31 12:00:00'),
('04-2024', 134, 185, 5750, '2024-04-30 12:00:00'),
('05-2024', 134, 165, 5450, '2024-05-31 12:00:00'),
('01-2024', 135, 150, 4700, '2024-01-31 12:00:00'),
('02-2024', 135, 145, 4600, '2024-02-29 12:00:00'),
('03-2024', 135, 155, 4800, '2024-03-31 12:00:00'),
('04-2024', 135, 160, 4850, '2024-04-30 12:00:00'),
('05-2024', 135, 140, 4550, '2024-05-31 12:00:00'),
('01-2024', 136, 185, 6900, '2024-01-31 12:00:00'),
('02-2024', 136, 180, 6800, '2024-02-29 12:00:00'),
('03-2024', 136, 190, 7000, '2024-03-31 12:00:00'),
('04-2024', 136, 195, 7050, '2024-04-30 12:00:00'),
('05-2024', 136, 175, 6750, '2024-05-31 12:00:00'),
('01-2024', 137, 165, 5200, '2024-01-31 12:00:00'),
('02-2024', 137, 160, 5100, '2024-02-29 12:00:00'),
('03-2024', 137, 170, 5300, '2024-03-31 12:00:00'),
('04-2024', 137, 175, 5350, '2024-04-30 12:00:00'),
('05-2024', 137, 155, 5050, '2024-05-31 12:00:00'),
('01-2024', 138, 175, 5500, '2024-01-31 12:00:00'),
('02-2024', 138, 170, 5400, '2024-02-29 12:00:00'),
('03-2024', 138, 180, 5600, '2024-03-31 12:00:00'),
('04-2024', 138, 185, 5650, '2024-04-30 12:00:00'),
('05-2024', 138, 165, 5350, '2024-05-31 12:00:00'),
('01-2024', 139, 150, 4800, '2024-01-31 12:00:00'),
('02-2024', 139, 145, 4700, '2024-02-29 12:00:00'),
('03-2024', 139, 155, 4900, '2024-03-31 12:00:00'),
('04-2024', 139, 160, 4950, '2024-04-30 12:00:00'),
('05-2024', 139, 140, 4650, '2024-05-31 12:00:00'),
('01-2024', 140, 190, 7000, '2024-01-31 12:00:00'),
('02-2024', 140, 185, 6900, '2024-02-29 12:00:00'),
('03-2024', 140, 195, 7100, '2024-03-31 12:00:00'),
('04-2024', 140, 200, 7150, '2024-04-30 12:00:00'),
('05-2024', 140, 180, 6850, '2024-05-31 12:00:00'),
('01-2024', 141, 160, 5100, '2024-01-31 12:00:00'),
('02-2024', 141, 155, 5000, '2024-02-29 12:00:00'),
('03-2024', 141, 165, 5200, '2024-03-31 12:00:00'),
('04-2024', 141, 170, 5250, '2024-04-30 12:00:00'),
('05-2024', 141, 150, 4950, '2024-05-31 12:00:00'),
('01-2024', 142, 175, 5600, '2024-01-31 12:00:00'),
('02-2024', 142, 170, 5500, '2024-02-29 12:00:00'),
('03-2024', 142, 180, 5700, '2024-03-31 12:00:00'),
('04-2024', 142, 185, 5750, '2024-04-30 12:00:00'),
('05-2024', 142, 165, 5450, '2024-05-31 12:00:00'),
('01-2024', 143, 150, 4700, '2024-01-31 12:00:00'),
('02-2024', 143, 145, 4600, '2024-02-29 12:00:00'),
('03-2024', 143, 155, 4800, '2024-03-31 12:00:00'),
('04-2024', 143, 160, 4850, '2024-04-30 12:00:00'),
('05-2024', 143, 140, 4550, '2024-05-31 12:00:00'),
('01-2024', 144, 185, 6900, '2024-01-31 12:00:00'),
('02-2024', 144, 180, 6800, '2024-02-29 12:00:00'),
('03-2024', 144, 190, 7000, '2024-03-31 12:00:00'),
('04-2024', 144, 195, 7050, '2024-04-30 12:00:00'),
('05-2024', 144, 175, 6750, '2024-05-31 12:00:00'),
('01-2024', 145, 165, 5200, '2024-01-31 12:00:00'),
('02-2024', 145, 160, 5100, '2024-02-29 12:00:00'),
('03-2024', 145, 170, 5300, '2024-03-31 12:00:00'),
('04-2024', 145, 175, 5350, '2024-04-30 12:00:00'),
('05-2024', 145, 155, 5050, '2024-05-31 12:00:00'),
('01-2024', 146, 175, 5500, '2024-01-31 12:00:00'),
('02-2024', 146, 170, 5400, '2024-02-29 12:00:00'),
('03-2024', 146, 180, 5600, '2024-03-31 12:00:00'),
('04-2024', 146, 185, 5650, '2024-04-30 12:00:00'),
('05-2024', 146, 165, 5350, '2024-05-31 12:00:00'),
('01-2024', 147, 150, 4800, '2024-01-31 12:00:00'),
('02-2024', 147, 145, 4700, '2024-02-29 12:00:00'),
('03-2024', 147, 155, 4900, '2024-03-31 12:00:00'),
('04-2024', 147, 160, 4950, '2024-04-30 12:00:00'),
('05-2024', 147, 140, 4650, '2024-05-31 12:00:00'),
('01-2024', 148, 190, 7000, '2024-01-31 12:00:00'),
('02-2024', 148, 185, 6900, '2024-02-29 12:00:00'),
('03-2024', 148, 195, 7100, '2024-03-31 12:00:00'),
('04-2024', 148, 200, 7150, '2024-04-30 12:00:00'),
('05-2024', 148, 180, 6850, '2024-05-31 12:00:00'),
('01-2024', 149, 160, 5100, '2024-01-31 12:00:00'),
('02-2024', 149, 155, 5000, '2024-02-29 12:00:00'),
('03-2024', 149, 165, 5200, '2024-03-31 12:00:00'),
('04-2024', 149, 170, 5250, '2024-04-30 12:00:00'),
('05-2024', 149, 150, 4950, '2024-05-31 12:00:00'),
('01-2024', 150, 175, 5600, '2024-01-31 12:00:00'),
('02-2024', 150, 170, 5500, '2024-02-29 12:00:00'),
('03-2024', 150, 180, 5700, '2024-03-31 12:00:00'),
('04-2024', 150, 185, 5750, '2024-04-30 12:00:00'),
('05-2024', 150, 165, 5450, '2024-05-31 12:00:00'),
('01-2024', 151, 150, 4700, '2024-01-31 12:00:00'),
('02-2024', 151, 145, 4600, '2024-02-29 12:00:00'),
('03-2024', 151, 155, 4800, '2024-03-31 12:00:00'),
('04-2024', 151, 160, 4850, '2024-04-30 12:00:00'),
('05-2024', 151, 140, 4550, '2024-05-31 12:00:00'),
('01-2024', 152, 185, 6900, '2024-01-31 12:00:00'),
('02-2024', 152, 180, 6800, '2024-02-29 12:00:00'),
('03-2024', 152, 190, 7000, '2024-03-31 12:00:00'),
('04-2024', 152, 195, 7050, '2024-04-30 12:00:00'),
('05-2024', 152, 175, 6750, '2024-05-31 12:00:00'),
('01-2024', 153, 165, 5200, '2024-01-31 12:00:00'),
('02-2024', 153, 160, 5100, '2024-02-29 12:00:00'),
('03-2024', 153, 170, 5300, '2024-03-31 12:00:00'),
('04-2024', 153, 175, 5350, '2024-04-30 12:00:00'),
('05-2024', 153, 155, 5050, '2024-05-31 12:00:00'),
('01-2024', 154, 175, 5500, '2024-01-31 12:00:00'),
('02-2024', 154, 170, 5400, '2024-02-29 12:00:00'),
('03-2024', 154, 180, 5600, '2024-03-31 12:00:00'),
('04-2024', 154, 185, 5650, '2024-04-30 12:00:00'),
('05-2024', 154, 165, 5350, '2024-05-31 12:00:00'),
('01-2024', 155, 150, 4800, '2024-01-31 12:00:00'),
('02-2024', 155, 145, 4700, '2024-02-29 12:00:00'),
('03-2024', 155, 155, 4900, '2024-03-31 12:00:00'),
('04-2024', 155, 160, 4950, '2024-04-30 12:00:00'),
('05-2024', 155, 140, 4650, '2024-05-31 12:00:00'),
('01-2024', 156, 190, 7000, '2024-01-31 12:00:00'),
('02-2024', 156, 185, 6900, '2024-02-29 12:00:00'),
('03-2024', 156, 195, 7100, '2024-03-31 12:00:00'),
('04-2024', 156, 200, 7150, '2024-04-30 12:00:00'),
('05-2024', 156, 180, 6850, '2024-05-31 12:00:00'),
('01-2024', 157, 160, 5100, '2024-01-31 12:00:00'),
('02-2024', 157, 155, 5000, '2024-02-29 12:00:00'),
('03-2024', 157, 165, 5200, '2024-03-31 12:00:00'),
('04-2024', 157, 170, 5250, '2024-04-30 12:00:00'),
('05-2024', 157, 150, 4950, '2024-05-31 12:00:00'),
('01-2024', 158, 175, 5600, '2024-01-31 12:00:00'),
('02-2024', 158, 170, 5500, '2024-02-29 12:00:00'),
('03-2024', 158, 180, 5700, '2024-03-31 12:00:00'),
('04-2024', 158, 185, 5750, '2024-04-30 12:00:00'),
('05-2024', 158, 165, 5450, '2024-05-31 12:00:00'),
('01-2024', 159, 150, 4700, '2024-01-31 12:00:00'),
('02-2024', 159, 145, 4600, '2024-02-29 12:00:00'),
('03-2024', 159, 155, 4800, '2024-03-31 12:00:00'),
('04-2024', 159, 160, 4850, '2024-04-30 12:00:00'),
('05-2024', 159, 140, 4550, '2024-05-31 12:00:00'),
('01-2024', 160, 185, 6900, '2024-01-31 12:00:00'),
('02-2024', 160, 180, 6800, '2024-02-29 12:00:00'),
('03-2024', 160, 190, 7000, '2024-03-31 12:00:00'),
('04-2024', 160, 195, 7050, '2024-04-30 12:00:00'),
('05-2024', 160, 175, 6750, '2024-05-31 12:00:00'),
('01-2024', 161, 165, 5200, '2024-01-31 12:00:00'),
('02-2024', 161, 160, 5100, '2024-02-29 12:00:00'),
('03-2024', 161, 170, 5300, '2024-03-31 12:00:00'),
('04-2024', 161, 175, 5350, '2024-04-30 12:00:00'),
('05-2024', 161, 155, 5050, '2024-05-31 12:00:00'),
('01-2024', 162, 175, 5500, '2024-01-31 12:00:00'),
('02-2024', 162, 170, 5400, '2024-02-29 12:00:00'),
('03-2024', 162, 180, 5600, '2024-03-31 12:00:00'),
('04-2024', 162, 185, 5650, '2024-04-30 12:00:00'),
('05-2024', 162, 165, 5350, '2024-05-31 12:00:00'),
('01-2024', 163, 150, 4800, '2024-01-31 12:00:00'),
('02-2024', 163, 145, 4700, '2024-02-29 12:00:00'),
('03-2024', 163, 155, 4900, '2024-03-31 12:00:00'),
('04-2024', 163, 160, 4950, '2024-04-30 12:00:00'),
('05-2024', 163, 140, 4650, '2024-05-31 12:00:00'),
('01-2024', 164, 190, 7000, '2024-01-31 12:00:00'),
('02-2024', 164, 185, 6900, '2024-02-29 12:00:00'),
('03-2024', 164, 195, 7100, '2024-03-31 12:00:00'),
('04-2024', 164, 200, 7150, '2024-04-30 12:00:00'),
('05-2024', 164, 180, 6850, '2024-05-31 12:00:00'),
('01-2024', 165, 160, 5100, '2024-01-31 12:00:00'),
('02-2024', 165, 155, 5000, '2024-02-29 12:00:00'),
('03-2024', 165, 165, 5200, '2024-03-31 12:00:00'),
('04-2024', 165, 170, 5250, '2024-04-30 12:00:00'),
('05-2024', 165, 150, 4950, '2024-05-31 12:00:00'),
('01-2024', 166, 175, 5600, '2024-01-31 12:00:00'),
('02-2024', 166, 170, 5500, '2024-02-29 12:00:00'),
('03-2024', 166, 180, 5700, '2024-03-31 12:00:00'),
('04-2024', 166, 185, 5750, '2024-04-30 12:00:00'),
('05-2024', 166, 165, 5450, '2024-05-31 12:00:00'),
('01-2024', 167, 150, 4700, '2024-01-31 12:00:00'),
('02-2024', 167, 145, 4600, '2024-02-29 12:00:00'),
('03-2024', 167, 155, 4800, '2024-03-31 12:00:00'),
('04-2024', 167, 160, 4850, '2024-04-30 12:00:00'),
('05-2024', 167, 140, 4550, '2024-05-31 12:00:00'),
('01-2024', 168, 185, 6900, '2024-01-31 12:00:00'),
('02-2024', 168, 180, 6800, '2024-02-29 12:00:00'),
('03-2024', 168, 190, 7000, '2024-03-31 12:00:00'),
('04-2024', 168, 195, 7050, '2024-04-30 12:00:00'),
('05-2024', 168, 175, 6750, '2024-05-31 12:00:00'),
('01-2024', 169, 165, 5200, '2024-01-31 12:00:00'),
('02-2024', 169, 160, 5100, '2024-02-29 12:00:00'),
('03-2024', 169, 170, 5300, '2024-03-31 12:00:00'),
('04-2024', 169, 175, 5350, '2024-04-30 12:00:00'),
('05-2024', 169, 155, 5050, '2024-05-31 12:00:00'),
('01-2024', 170, 175, 5500, '2024-01-31 12:00:00'),
('02-2024', 170, 170, 5400, '2024-02-29 12:00:00'),
('03-2024', 170, 180, 5600, '2024-03-31 12:00:00'),
('04-2024', 170, 185, 5650, '2024-04-30 12:00:00'),
('05-2024', 170, 165, 5350, '2024-05-31 12:00:00'),
('01-2024', 171, 150, 4800, '2024-01-31 12:00:00'),
('02-2024', 171, 145, 4700, '2024-02-29 12:00:00'),
('03-2024', 171, 155, 4900, '2024-03-31 12:00:00'),
('04-2024', 171, 160, 4950, '2024-04-30 12:00:00'),
('05-2024', 171, 140, 4650, '2024-05-31 12:00:00'),
('01-2024', 172, 190, 7000, '2024-01-31 12:00:00'),
('02-2024', 172, 185, 6900, '2024-02-29 12:00:00'),
('03-2024', 172, 195, 7100, '2024-03-31 12:00:00'),
('04-2024', 172, 200, 7150, '2024-04-30 12:00:00'),
('05-2024', 172, 180, 6850, '2024-05-31 12:00:00'),
('01-2024', 173, 160, 5100, '2024-01-31 12:00:00'),
('02-2024', 173, 155, 5000, '2024-02-29 12:00:00'),
('03-2024', 173, 165, 5200, '2024-03-31 12:00:00'),
('04-2024', 173, 170, 5250, '2024-04-30 12:00:00'),
('05-2024', 173, 150, 4950, '2024-05-31 12:00:00'),
('01-2024', 174, 175, 5600, '2024-01-31 12:00:00'),
('02-2024', 174, 170, 5500, '2024-02-29 12:00:00'),
('03-2024', 174, 180, 5700, '2024-03-31 12:00:00'),
('04-2024', 174, 185, 5750, '2024-04-30 12:00:00'),
('05-2024', 174, 165, 5450, '2024-05-31 12:00:00'),
('01-2024', 175, 150, 4700, '2024-01-31 12:00:00'),
('02-2024', 175, 145, 4600, '2024-02-29 12:00:00'),
('03-2024', 175, 155, 4800, '2024-03-31 12:00:00'),
('04-2024', 175, 160, 4850, '2024-04-30 12:00:00'),
('05-2024', 175, 140, 4550, '2024-05-31 12:00:00');
